{
  "best_valid_objective": 0.5255886597063066,
  "conversion_status": "pending-independent-review",
  "fixed_seed_outcome_analysis": {
    "fixed_seed_run_count": 12,
    "interpretation": "Descriptive fixed-seed algorithm outcomes; not a population success probability",
    "iteration_limit_count": 11,
    "optimizer_success_count": 1,
    "threshold_run_count": 3,
    "threshold_run_fraction": 0.25,
    "threshold_run_fraction_exact_95_interval": [
      0.05486064452799272,
      0.5718584618781891
    ],
    "valid_run_count": 12,
    "valid_run_fraction": 1.0,
    "valid_run_fraction_exact_95_interval": [
      0.7353515306029488,
      1.0
    ]
  },
  "protocol": {
    "maximum_iterations": 1000,
    "objective_acceptance_threshold": 0.526,
    "population_multiplier": 20,
    "seeds": [
      20260711,
      20260712,
      20260713,
      20260714,
      20260715,
      20260716,
      20260717,
      20260718,
      20260719,
      20260720,
      20260721,
      20260722
    ],
    "study_id": "planetary-baseline-v1"
  },
  "results": [
    {
      "candidate": {
        "module_1_mm": 2.5,
        "module_2_mm": 2.25,
        "planet_count": 3,
        "z1": 37,
        "z2": 22,
        "z3": 20,
        "z4": 24,
        "z5": 29,
        "z6": 87
      },
      "evaluation": {
        "assembly_remainder": 0,
        "inequality_values": [
          -18.625,
          -12.5,
          -31.0,
          -1.5,
          -26.59549882328188,
          -35.523702053557386,
          -14.399346400575247,
          -2639.6628979219613,
          0.0,
          -18.0
        ],
        "issue_codes": [],
        "objective": 0.5262805662805661,
        "ratios": [
          3.625,
          2.366280566280566,
          -2.5864864864864865
        ],
        "valid": true
      },
      "objective_calls": 180180,
      "optimizer_message": "Maximum number of iterations has been exceeded.",
      "optimizer_success": false,
      "seed": 20260711
    },
    {
      "candidate": {
        "module_1_mm": 2.25,
        "module_2_mm": 2.25,
        "planet_count": 3,
        "z1": 35,
        "z2": 26,
        "z3": 25,
        "z4": 24,
        "z5": 29,
        "z6": 87
      },
      "evaluation": {
        "assembly_remainder": 0,
        "inequality_values": [
          -18.625,
          -19.75,
          -31.0,
          -2.25,
          -24.327549630850754,
          -26.193575034635195,
          -14.399346400575247,
          -647.4222319162559,
          0.0,
          -8.0
        ],
        "issue_codes": [],
        "objective": 0.5257687074829931,
        "ratios": [
          3.625,
          2.365768707482993,
          -2.585142857142857
        ],
        "valid": true
      },
      "objective_calls": 180180,
      "optimizer_message": "Maximum number of iterations has been exceeded.",
      "optimizer_success": false,
      "seed": 20260712
    },
    {
      "candidate": {
        "module_1_mm": 2.25,
        "module_2_mm": 2.0,
        "planet_count": 3,
        "z1": 37,
        "z2": 22,
        "z3": 20,
        "z4": 24,
        "z5": 27,
        "z6": 87
      },
      "evaluation": {
        "assembly_remainder": 0,
        "inequality_values": [
          -41.0,
          -33.25,
          -60.0,
          -3.0,
          -26.59549882328188,
          -35.523702053557386,
          -14.667295593006365,
          -2937.8417330615503,
          -4.0,
          -18.0
        ],
        "issue_codes": [],
        "objective": 0.5262805662805661,
        "ratios": [
          3.625,
          2.366280566280566,
          -2.5864864864864865
        ],
        "valid": true
      },
      "objective_calls": 180180,
      "optimizer_message": "Maximum number of iterations has been exceeded.",
      "optimizer_success": false,
      "seed": 20260713
    },
    {
      "candidate": {
        "module_1_mm": 2.0,
        "module_2_mm": 2.0,
        "planet_count": 4,
        "z1": 45,
        "z2": 31,
        "z3": 28,
        "z4": 29,
        "z5": 25,
        "z6": 105
      },
      "evaluation": {
        "assembly_remainder": 0,
        "inequality_values": [
          -5.0,
          -2.0,
          -58.0,
          -2.0,
          -20.240115370177605,
          -23.94722215136415,
          -10.683766184073562,
          -44.386375194317225,
          -21.0,
          -15.0
        ],
        "issue_codes": [],
        "objective": 0.5273245614035085,
        "ratios": [
          3.6206896551724137,
          2.3673245614035086,
          -2.5833333333333335
        ],
        "valid": true
      },
      "objective_calls": 180180,
      "optimizer_message": "Maximum number of iterations has been exceeded.",
      "optimizer_success": false,
      "seed": 20260714
    },
    {
      "candidate": {
        "module_1_mm": 2.25,
        "module_2_mm": 2.0,
        "planet_count": 3,
        "z1": 37,
        "z2": 22,
        "z3": 20,
        "z4": 24,
        "z5": 27,
        "z6": 87
      },
      "evaluation": {
        "assembly_remainder": 0,
        "inequality_values": [
          -41.0,
          -33.25,
          -60.0,
          -3.0,
          -26.59549882328188,
          -35.523702053557386,
          -14.667295593006365,
          -2937.8417330615503,
          -4.0,
          -18.0
        ],
        "issue_codes": [],
        "objective": 0.5262805662805661,
        "ratios": [
          3.625,
          2.366280566280566,
          -2.5864864864864865
        ],
        "valid": true
      },
      "objective_calls": 180180,
      "optimizer_message": "Maximum number of iterations has been exceeded.",
      "optimizer_success": false,
      "seed": 20260715
    },
    {
      "candidate": {
        "module_1_mm": 2.5,
        "module_2_mm": 1.75,
        "planet_count": 3,
        "z1": 34,
        "z2": 25,
        "z3": 33,
        "z4": 32,
        "z5": 36,
        "z6": 116
      },
      "evaluation": {
        "assembly_remainder": 0,
        "inequality_values": [
          -12.625,
          -5.0,
          -34.5,
          -2.0,
          -23.59549882328188,
          -36.3801085141084,
          -20.389727457341827,
          -1942.716556109167,
          -7.0,
          -13.0
        ],
        "issue_codes": [],
        "objective": 0.5255886597063066,
        "ratios": [
          3.625,
          2.3655886597063067,
          -2.584670231729055
        ],
        "valid": true
      },
      "objective_calls": 180180,
      "optimizer_message": "Maximum number of iterations has been exceeded.",
      "optimizer_success": false,
      "seed": 20260716
    },
    {
      "candidate": {
        "module_1_mm": 2.0,
        "module_2_mm": 2.25,
        "planet_count": 3,
        "z1": 47,
        "z2": 28,
        "z3": 20,
        "z4": 24,
        "z5": 16,
        "z6": 87
      },
      "evaluation": {
        "assembly_remainder": 0,
        "inequality_values": [
          -18.625,
          -10.0,
          -89.5,
          -3.5,
          -34.4519052838329,
          -35.523702053557386,
          -16.141016151377542,
          -4925.375304547937,
          -26.0,
          -18.0
        ],
        "issue_codes": [],
        "objective": 0.5281864235055724,
        "ratios": [
          3.625,
          2.3681864235055725,
          -2.5914893617021275
        ],
        "valid": true
      },
      "objective_calls": 180180,
      "optimizer_message": "Maximum number of iterations has been exceeded.",
      "optimizer_success": false,
      "seed": 20260717
    },
    {
      "candidate": {
        "module_1_mm": 2.0,
        "module_2_mm": 2.0,
        "planet_count": 3,
        "z1": 35,
        "z2": 26,
        "z3": 25,
        "z4": 24,
        "z5": 25,
        "z6": 87
      },
      "evaluation": {
        "assembly_remainder": 0,