{
  "instance_id": "train-procedural-0064",
  "minimum_safety_factor": 8.851368075677087,
  "report_count": 4,
  "reports": [
    {
      "fillet_radius_mm": 0.12771673859532484,
      "max_von_mises_mpa": 72.84226455579095,
      "member": 0,
      "mesh_element_count": 240,
      "model_version": "involute-tooth-root-plane-stress-v3",
      "pressure_angle_deg": 20.0,
      "radial_force_n": 19.674066717092018,
      "root_width_mm": 1.2131730699379697,
      "safety_factor": 10.982634942482717,
      "section_height_mm": 2.208117945252525,
      "stage_id": "input",
      "tangential_force_n": 54.054054054054056,
      "tooth_count": 37
    },
    {
      "fillet_radius_mm": 0.3,
      "max_von_mises_mpa": 82.11233127190826,
      "member": 0,
      "mesh_element_count": 240,
      "model_version": "involute-tooth-root-plane-stress-v3",
      "pressure_angle_deg": 20.0,
      "radial_force_n": 19.67406671709202,
      "root_width_mm": 1.4800007590138549,
      "safety_factor": 9.742751029085577,
      "section_height_mm": 2.519454810180193,
      "stage_id": "compound",
      "tangential_force_n": 54.05405405405406,
      "tooth_count": 43
    },
    {
      "fillet_radius_mm": 0.5410662861939244,
      "max_von_mises_mpa": 90.38150861654275,
      "member": 1,
      "mesh_element_count": 240,
      "model_version": "involute-tooth-root-plane-stress-v3",
      "pressure_angle_deg": 20.0,
      "radial_force_n": 36.78195081891117,
      "root_width_mm": 2.2355227201024688,
      "safety_factor": 8.851368075677087,
      "section_height_mm": 2.1769652864909723,
      "stage_id": "compound",
      "tangential_force_n": 101.0575793184489,
      "tooth_count": 23
    },
    {
      "fillet_radius_mm": 0.5410662861939244,
      "max_von_mises_mpa": 90.38150861654275,
      "member": 0,
      "mesh_element_count": 240,
      "model_version": "involute-tooth-root-plane-stress-v3",
      "pressure_angle_deg": 20.0,
      "radial_force_n": 36.78195081891117,
      "root_width_mm": 2.2355227201024688,
      "safety_factor": 8.851368075677087,
      "section_height_mm": 2.1769652864909723,
      "stage_id": "output",
      "tangential_force_n": 101.0575793184489,
      "tooth_count": 23
    }
  ],
  "valid": true
}
