{
  "instance_id": "train-procedural-0028",
  "minimum_safety_factor": 4.790415304735091,
  "report_count": 4,
  "reports": [
    {
      "fillet_radius_mm": 0.5990794636294545,
      "max_von_mises_mpa": 74.6101658484605,
      "member": 0,
      "mesh_element_count": 240,
      "model_version": "involute-tooth-root-plane-stress-v3",
      "pressure_angle_deg": 20.0,
      "radial_force_n": 34.66383183487641,
      "root_width_mm": 2.379401740648575,
      "safety_factor": 10.72239943313981,
      "section_height_mm": 2.16848527977921,
      "stage_id": "input",
      "tangential_force_n": 95.23809523809524,
      "tooth_count": 21
    },
    {
      "fillet_radius_mm": 0.36504296271484016,
      "max_von_mises_mpa": 106.14473910260921,
      "member": 0,
      "mesh_element_count": 240,
      "model_version": "involute-tooth-root-plane-stress-v3",
      "pressure_angle_deg": 20.0,
      "radial_force_n": 34.66383183487641,
      "root_width_mm": 1.7997161537079516,
      "safety_factor": 7.536878480869851,
      "section_height_mm": 2.194508199032981,
      "stage_id": "compound",
      "tangential_force_n": 95.23809523809524,
      "tooth_count": 29
    },
    {
      "fillet_radius_mm": 0.5119099085510701,
      "max_von_mises_mpa": 102.02902549912011,
      "member": 1,
      "mesh_element_count": 240,
      "model_version": "involute-tooth-root-plane-stress-v3",
      "pressure_angle_deg": 20.0,
      "radial_force_n": 41.88546346714233,
      "root_width_mm": 2.163267255548777,
      "safety_factor": 7.8409060175420295,
      "section_height_mm": 2.1805955700354804,
      "stage_id": "compound",
      "tangential_force_n": 115.07936507936508,
      "tooth_count": 24
    },
    {
      "fillet_radius_mm": 0.3,
      "max_von_mises_mpa": 167.00013445791208,
      "member": 0,
      "mesh_element_count": 240,
      "model_version": "involute-tooth-root-plane-stress-v3",
      "pressure_angle_deg": 20.0,
      "radial_force_n": 41.88546346714233,
      "root_width_mm": 1.5017562421495654,
      "safety_factor": 4.790415304735091,
      "section_height_mm": 2.5043038144434,
      "stage_id": "output",
      "tangential_force_n": 115.07936507936508,
      "tooth_count": 41
    }
  ],
  "valid": true
}
