{
  "instance_id": "train-procedural-0093",
  "minimum_safety_factor": 23.85915799633432,
  "report_count": 4,
  "reports": [
    {
      "fillet_radius_mm": 0.23623125690146551,
      "max_von_mises_mpa": 33.53010194755869,
      "member": 0,
      "mesh_element_count": 240,
      "model_version": "involute-tooth-root-plane-stress-v3",
      "pressure_angle_deg": 20.0,
      "radial_force_n": 13.480379046896383,
      "root_width_mm": 1.9300614309700572,
      "safety_factor": 23.85915799633432,
      "section_height_mm": 3.3101794688274104,
      "stage_id": "input",
      "tangential_force_n": 37.03703703703704,
      "tooth_count": 36
    },
    {
      "fillet_radius_mm": 0.7240044470649671,
      "max_von_mises_mpa": 21.54377407931509,
      "member": 0,
      "mesh_element_count": 240,
      "model_version": "involute-tooth-root-plane-stress-v3",
      "pressure_angle_deg": 20.0,
      "radial_force_n": 13.480379046896383,
      "root_width_mm": 3.136253235681558,
      "safety_factor": 37.13369797950617,
      "section_height_mm": 3.275838435642342,
      "stage_id": "compound",
      "tangential_force_n": 37.03703703703704,
      "tooth_count": 25
    },
    {
      "fillet_radius_mm": 0.6359619477083065,
      "max_von_mises_mpa": 21.884552190767472,
      "member": 1,
      "mesh_element_count": 240,
      "model_version": "involute-tooth-root-plane-stress-v3",
      "pressure_angle_deg": 20.0,
      "radial_force_n": 12.481832450829986,
      "root_width_mm": 2.9182841852983095,
      "safety_factor": 36.55546583847849,
      "section_height_mm": 3.2844756798901216,
      "stage_id": "compound",
      "tangential_force_n": 34.29355281207133,
      "tooth_count": 27
    },
    {
      "fillet_radius_mm": 0.7240044470649671,
      "max_von_mises_mpa": 19.947938962328777,
      "member": 0,
      "mesh_element_count": 240,
      "model_version": "involute-tooth-root-plane-stress-v3",
      "pressure_angle_deg": 20.0,
      "radial_force_n": 12.481832450829982,
      "root_width_mm": 3.136253235681558,
      "safety_factor": 40.10439381786667,
      "section_height_mm": 3.275838435642342,
      "stage_id": "output",
      "tangential_force_n": 34.293552812071326,
      "tooth_count": 25
    }
  ],
  "valid": true
}
