{
  "instance_id": "train-procedural-0032",
  "minimum_safety_factor": 7.91072741979257,
  "report_count": 4,
  "reports": [
    {
      "fillet_radius_mm": 0.41937894762488526,
      "max_von_mises_mpa": 47.36321298454113,
      "member": 0,
      "mesh_element_count": 240,
      "model_version": "involute-tooth-root-plane-stress-v3",
      "pressure_angle_deg": 20.0,
      "radial_force_n": 19.411745827530794,
      "root_width_mm": 2.158323718831948,
      "safety_factor": 16.890745994388343,
      "section_height_mm": 2.745827376355244,
      "stage_id": "input",
      "tangential_force_n": 53.333333333333336,
      "tooth_count": 30
    },
    {
      "fillet_radius_mm": 0.375,
      "max_von_mises_mpa": 67.48341818980226,
      "member": 0,
      "mesh_element_count": 240,
      "model_version": "involute-tooth-root-plane-stress-v3",
      "pressure_angle_deg": 20.0,
      "radial_force_n": 19.41174582753079,
      "root_width_mm": 1.8221067318076687,
      "safety_factor": 11.854764051073094,
      "section_height_mm": 3.15184468916042,
      "stage_id": "compound",
      "tangential_force_n": 53.33333333333333,
      "tooth_count": 46
    },
    {
      "fillet_radius_mm": 0.45630370339355153,
      "max_von_mises_mpa": 75.42864770436226,
      "member": 1,
      "mesh_element_count": 240,
      "model_version": "involute-tooth-root-plane-stress-v3",
      "pressure_angle_deg": 20.0,
      "radial_force_n": 30.791045105738494,
      "root_width_mm": 2.2496451921349423,
      "safety_factor": 10.606049880882773,
      "section_height_mm": 2.7431352487912193,
      "stage_id": "compound",
      "tangential_force_n": 84.59770114942528,
      "tooth_count": 29
    },
    {
      "fillet_radius_mm": 0.375,
      "max_von_mises_mpa": 101.1285002689395,
      "member": 0,
      "mesh_element_count": 240,
      "model_version": "involute-tooth-root-plane-stress-v3",
      "pressure_angle_deg": 20.0,
      "radial_force_n": 30.791045105738498,
      "root_width_mm": 1.8617432514687648,
      "safety_factor": 7.91072741979257,
      "section_height_mm": 3.148415592265053,
      "stage_id": "output",
      "tangential_force_n": 84.59770114942529,
      "tooth_count": 42
    }
  ],
  "valid": true
}
