{
  "instance_id": "train-procedural-0056",
  "minimum_safety_factor": 6.827834163854217,
  "report_count": 4,
  "reports": [
    {
      "fillet_radius_mm": 0.06810828179383677,
      "max_von_mises_mpa": 74.43361471912094,
      "member": 0,
      "mesh_element_count": 240,
      "model_version": "involute-tooth-root-plane-stress-v3",
      "pressure_angle_deg": 20.0,
      "radial_force_n": 18.66514021877961,
      "root_width_mm": 1.0659664750624027,
      "safety_factor": 10.747832186020268,
      "section_height_mm": 2.210553296628813,
      "stage_id": "input",
      "tangential_force_n": 51.282051282051285,
      "tooth_count": 39
    },
    {
      "fillet_radius_mm": 0.3,
      "max_von_mises_mpa": 74.41915806082025,
      "member": 0,
      "mesh_element_count": 240,
      "model_version": "involute-tooth-root-plane-stress-v3",
      "pressure_angle_deg": 20.0,
      "radial_force_n": 18.66514021877961,
      "root_width_mm": 1.5017562421495654,
      "safety_factor": 10.749920058840052,
      "section_height_mm": 2.5043038144434,
      "stage_id": "compound",
      "tangential_force_n": 51.282051282051285,
      "tooth_count": 41
    },
    {
      "fillet_radius_mm": 0.627906350279881,
      "max_von_mises_mpa": 75.9311724520209,
      "member": 1,
      "mesh_element_count": 240,
      "model_version": "involute-tooth-root-plane-stress-v3",
      "pressure_angle_deg": 20.0,
      "radial_force_n": 38.26353744849819,
      "root_width_mm": 2.4509606266830906,
      "safety_factor": 10.535857331921234,
      "section_height_mm": 2.1634952791001734,
      "stage_id": "compound",
      "tangential_force_n": 105.12820512820512,
      "tooth_count": 20
    },
    {
      "fillet_radius_mm": 0.36504296271484016,
      "max_von_mises_mpa": 117.1674620094187,
      "member": 0,
      "mesh_element_count": 240,
      "model_version": "involute-tooth-root-plane-stress-v3",
      "pressure_angle_deg": 20.0,
      "radial_force_n": 38.2635374484982,
      "root_width_mm": 1.7997161537079516,
      "safety_factor": 6.827834163854217,
      "section_height_mm": 2.194508199032981,
      "stage_id": "output",
      "tangential_force_n": 105.12820512820514,
      "tooth_count": 29
    }
  ],
  "valid": true
}
