{
  "instance_id": "train-procedural-0000",
  "minimum_safety_factor": 13.508772200034164,
  "report_count": 4,
  "reports": [
    {
      "fillet_radius_mm": 0.8986191954441836,
      "max_von_mises_mpa": 33.16007371042351,
      "member": 0,
      "mesh_element_count": 240,
      "model_version": "involute-tooth-root-plane-stress-v3",
      "pressure_angle_deg": 20.0,
      "radial_force_n": 23.109221223250945,
      "root_width_mm": 3.569102610972866,
      "safety_factor": 24.125398724567027,
      "section_height_mm": 3.2527279196688177,
      "stage_id": "input",
      "tangential_force_n": 63.492063492063494,
      "tooth_count": 21
    },
    {
      "fillet_radius_mm": 0.23623125690146551,
      "max_von_mises_mpa": 57.48017476724336,
      "member": 0,
      "mesh_element_count": 240,
      "model_version": "involute-tooth-root-plane-stress-v3",
      "pressure_angle_deg": 20.0,
      "radial_force_n": 23.10922122325094,
      "root_width_mm": 1.9300614309700572,
      "safety_factor": 13.91784216452838,
      "section_height_mm": 3.3101794688274104,
      "stage_id": "compound",
      "tangential_force_n": 63.49206349206349,
      "tooth_count": 36
    },
    {
      "fillet_radius_mm": 0.23623125690146551,
      "max_von_mises_mpa": 57.48017476724336,
      "member": 1,
      "mesh_element_count": 240,
      "model_version": "involute-tooth-root-plane-stress-v3",
      "pressure_angle_deg": 20.0,
      "radial_force_n": 23.10922122325094,
      "root_width_mm": 1.9300614309700572,
      "safety_factor": 13.91784216452838,
      "section_height_mm": 3.3101794688274104,
      "stage_id": "compound",
      "tangential_force_n": 63.49206349206349,
      "tooth_count": 36
    },
    {
      "fillet_radius_mm": 0.44999999999999996,
      "max_von_mises_mpa": 59.220778036213886,
      "member": 0,
      "mesh_element_count": 240,
      "model_version": "involute-tooth-root-plane-stress-v3",
      "pressure_angle_deg": 20.0,
      "radial_force_n": 23.10922122325094,
      "root_width_mm": 2.2736302780492115,
      "safety_factor": 13.508772200034164,
      "section_height_mm": 3.7100933486223546,
      "stage_id": "output",
      "tangential_force_n": 63.49206349206349,
      "tooth_count": 40
    }
  ],
  "valid": true
}
