{
  "instance_id": "train-procedural-0062",
  "minimum_safety_factor": 7.160034556826353,
  "report_count": 4,
  "reports": [
    {
      "fillet_radius_mm": 0.3,
      "max_von_mises_mpa": 71.15504919931905,
      "member": 0,
      "mesh_element_count": 240,
      "model_version": "involute-tooth-root-plane-stress-v3",
      "pressure_angle_deg": 20.0,
      "radial_force_n": 17.331915917438206,
      "root_width_mm": 1.4893946011750125,
      "safety_factor": 11.243053149454585,
      "section_height_mm": 2.5187324738120367,
      "stage_id": "input",
      "tangential_force_n": 47.61904761904762,
      "tooth_count": 42
    },
    {
      "fillet_radius_mm": 0.3,
      "max_von_mises_mpa": 66.62337529074192,
      "member": 0,
      "mesh_element_count": 240,
      "model_version": "involute-tooth-root-plane-stress-v3",
      "pressure_angle_deg": 20.0,
      "radial_force_n": 17.331915917438206,
      "root_width_mm": 1.5157535186994744,
      "safety_factor": 12.007797511141247,
      "section_height_mm": 2.4733955657482376,
      "stage_id": "compound",
      "tangential_force_n": 47.61904761904761,
      "tooth_count": 40
    },
    {
      "fillet_radius_mm": 0.6565882567746115,
      "max_von_mises_mpa": 68.90011235605715,
      "member": 1,
      "mesh_element_count": 240,
      "model_version": "involute-tooth-root-plane-stress-v3",
      "pressure_angle_deg": 20.0,
      "radial_force_n": 36.48824403671201,
      "root_width_mm": 2.5222110375037428,
      "safety_factor": 11.61101154473909,
      "section_height_mm": 2.157883893319852,
      "stage_id": "compound",
      "tangential_force_n": 100.25062656641603,
      "tooth_count": 19
    },
    {
      "fillet_radius_mm": 0.36504296271484016,
      "max_von_mises_mpa": 111.7313043185361,
      "member": 0,
      "mesh_element_count": 240,
      "model_version": "involute-tooth-root-plane-stress-v3",
      "pressure_angle_deg": 20.0,
      "radial_force_n": 36.48824403671201,
      "root_width_mm": 1.7997161537079516,
      "safety_factor": 7.160034556826353,
      "section_height_mm": 2.194508199032981,
      "stage_id": "output",
      "tangential_force_n": 100.25062656641603,
      "tooth_count": 29
    }
  ],
  "valid": true
}
