{
  "instance_id": "train-procedural-0027",
  "minimum_safety_factor": 17.149765931230096,
  "report_count": 4,
  "reports": [
    {
      "fillet_radius_mm": 0.5666939071970472,
      "max_von_mises_mpa": 43.20628045060367,
      "member": 0,
      "mesh_element_count": 240,
      "model_version": "involute-tooth-root-plane-stress-v3",
      "pressure_angle_deg": 20.0,
      "radial_force_n": 22.398168262535528,
      "root_width_mm": 2.522810172332858,
      "safety_factor": 18.515826672805446,
      "section_height_mm": 2.7336231966223856,
      "stage_id": "input",
      "tangential_force_n": 61.53846153846154,
      "tooth_count": 26
    },
    {
      "fillet_radius_mm": 0.6033370392208077,
      "max_von_mises_mpa": 42.954971087370126,
      "member": 0,
      "mesh_element_count": 240,
      "model_version": "involute-tooth-root-plane-stress-v3",
      "pressure_angle_deg": 20.0,
      "radial_force_n": 22.398168262535528,
      "root_width_mm": 2.6135443630679687,
      "safety_factor": 18.624154079228813,
      "section_height_mm": 2.7298653630352874,
      "stage_id": "compound",
      "tangential_force_n": 61.53846153846153,
      "tooth_count": 25
    },
    {
      "fillet_radius_mm": 0.41937894762488526,
      "max_von_mises_mpa": 45.541550946674235,
      "member": 1,
      "mesh_element_count": 240,
      "model_version": "involute-tooth-root-plane-stress-v3",
      "pressure_angle_deg": 20.0,
      "radial_force_n": 18.665140218779605,
      "root_width_mm": 2.158323718831948,
      "safety_factor": 17.56637583416385,
      "section_height_mm": 2.745827376355244,
      "stage_id": "compound",
      "tangential_force_n": 51.28205128205128,
      "tooth_count": 30
    },
    {
      "fillet_radius_mm": 0.3083020347388299,
      "max_von_mises_mpa": 46.64786698593843,
      "member": 0,
      "mesh_element_count": 240,
      "model_version": "involute-tooth-root-plane-stress-v3",
      "pressure_angle_deg": 20.0,
      "radial_force_n": 18.665140218779605,
      "root_width_mm": 1.883731922596791,
      "safety_factor": 17.149765931230096,
      "section_height_mm": 2.7528039277709375,
      "stage_id": "output",
      "tangential_force_n": 51.28205128205128,
      "tooth_count": 33
    }
  ],
  "valid": true
}
