{
  "instance_id": "train-procedural-0034",
  "minimum_safety_factor": 10.434074742967919,
  "report_count": 4,
  "reports": [
    {
      "fillet_radius_mm": 0.12771673859532484,
      "max_von_mises_mpa": 72.84226455579095,
      "member": 0,
      "mesh_element_count": 240,
      "model_version": "involute-tooth-root-plane-stress-v3",
      "pressure_angle_deg": 20.0,
      "radial_force_n": 19.674066717092018,
      "root_width_mm": 1.2131730699379697,
      "safety_factor": 10.982634942482717,
      "section_height_mm": 2.208117945252525,
      "stage_id": "input",
      "tangential_force_n": 54.054054054054056,
      "tooth_count": 37
    },
    {
      "fillet_radius_mm": 0.5410662861939244,
      "max_von_mises_mpa": 48.34359763210423,
      "member": 0,
      "mesh_element_count": 240,
      "model_version": "involute-tooth-root-plane-stress-v3",
      "pressure_angle_deg": 20.0,
      "radial_force_n": 19.674066717092018,
      "root_width_mm": 2.2355227201024688,
      "safety_factor": 16.548209880613694,
      "section_height_mm": 2.1769652864909723,
      "stage_id": "compound",
      "tangential_force_n": 54.05405405405405,
      "tooth_count": 23
    },
    {
      "fillet_radius_mm": 0.6851010661460091,
      "max_von_mises_mpa": 48.522767118229424,
      "member": 1,
      "mesh_element_count": 240,
      "model_version": "involute-tooth-root-plane-stress-v3",
      "pressure_angle_deg": 20.0,
      "radial_force_n": 25.139085249617576,
      "root_width_mm": 2.5931002477882723,
      "safety_factor": 16.487105899190354,
      "section_height_mm": 2.151531385114744,
      "stage_id": "compound",
      "tangential_force_n": 69.06906906906906,
      "tooth_count": 18
    },
    {
      "fillet_radius_mm": 0.3355031580999075,
      "max_von_mises_mpa": 76.67186786630629,
      "member": 0,
      "mesh_element_count": 240,
      "model_version": "involute-tooth-root-plane-stress-v3",
      "pressure_angle_deg": 20.0,
      "radial_force_n": 25.13908524961758,
      "root_width_mm": 1.726658975065557,
      "safety_factor": 10.434074742967919,
      "section_height_mm": 2.1966619010841963,
      "stage_id": "output",
      "tangential_force_n": 69.06906906906907,
      "tooth_count": 30
    }
  ],
  "valid": true
}
