{
  "instance_id": "train-procedural-0043",
  "minimum_safety_factor": 10.504990860172777,
  "report_count": 4,
  "reports": [
    {
      "fillet_radius_mm": 0.27119034277732723,
      "max_von_mises_mpa": 46.79994795220492,
      "member": 0,
      "mesh_element_count": 240,
      "model_version": "involute-tooth-root-plane-stress-v3",
      "pressure_angle_deg": 20.0,
      "radial_force_n": 17.128011024291876,
      "root_width_mm": 1.7920233930258112,
      "safety_factor": 17.09403610484804,
      "section_height_mm": 2.7548223227453086,
      "stage_id": "input",
      "tangential_force_n": 47.05882352941177,
      "tooth_count": 34
    },
    {
      "fillet_radius_mm": 0.375,
      "max_von_mises_mpa": 59.54419252041387,
      "member": 0,
      "mesh_element_count": 240,
      "model_version": "involute-tooth-root-plane-stress-v3",
      "pressure_angle_deg": 20.0,
      "radial_force_n": 17.128011024291876,
      "root_width_mm": 1.8221067318076687,
      "safety_factor": 13.435399257882814,
      "section_height_mm": 3.15184468916042,
      "stage_id": "compound",
      "tangential_force_n": 47.05882352941177,
      "tooth_count": 46
    },
    {
      "fillet_radius_mm": 0.3083020347388299,
      "max_von_mises_mpa": 59.66935712853722,
      "member": 1,
      "mesh_element_count": 240,
      "model_version": "involute-tooth-root-plane-stress-v3",
      "pressure_angle_deg": 20.0,
      "radial_force_n": 23.875409306588672,
      "root_width_mm": 1.883731922596791,
      "safety_factor": 13.40721667700682,
      "section_height_mm": 2.7528039277709375,
      "stage_id": "compound",
      "tangential_force_n": 65.59714795008912,
      "tooth_count": 33
    },
    {
      "fillet_radius_mm": 0.375,
      "max_von_mises_mpa": 76.1542785375486,
      "member": 0,
      "mesh_element_count": 240,
      "model_version": "involute-tooth-root-plane-stress-v3",
      "pressure_angle_deg": 20.0,
      "radial_force_n": 23.875409306588672,
      "root_width_mm": 1.8771953026869568,
      "safety_factor": 10.504990860172777,
      "section_height_mm": 3.1303797680542544,
      "stage_id": "output",
      "tangential_force_n": 65.59714795008912,
      "tooth_count": 41
    }
  ],
  "valid": true
}
