{
  "instance_id": "train-procedural-0087",
  "minimum_safety_factor": 8.51403456627705,
  "report_count": 4,
  "reports": [
    {
      "fillet_radius_mm": 0.784882937849849,
      "max_von_mises_mpa": 46.22541620494221,
      "member": 0,
      "mesh_element_count": 240,
      "model_version": "involute-tooth-root-plane-stress-v3",
      "pressure_angle_deg": 20.0,
      "radial_force_n": 29.117618741296187,
      "root_width_mm": 3.063700783353859,
      "safety_factor": 17.306496418618888,
      "section_height_mm": 2.7043690988752154,
      "stage_id": "input",
      "tangential_force_n": 80.0,
      "tooth_count": 20
    },
    {
      "fillet_radius_mm": 0.375,
      "max_von_mises_mpa": 92.87510925992348,
      "member": 0,
      "mesh_element_count": 240,
      "model_version": "involute-tooth-root-plane-stress-v3",
      "pressure_angle_deg": 20.0,
      "radial_force_n": 29.11761874129619,
      "root_width_mm": 1.8771953026869568,
      "safety_factor": 8.61371799586359,
      "section_height_mm": 3.1303797680542544,
      "stage_id": "compound",
      "tangential_force_n": 80.00000000000001,
      "tooth_count": 41
    },
    {
      "fillet_radius_mm": 0.3824004986684919,
      "max_von_mises_mpa": 92.93735089757037,
      "member": 1,
      "mesh_element_count": 240,
      "model_version": "involute-tooth-root-plane-stress-v3",
      "pressure_angle_deg": 20.0,
      "radial_force_n": 38.510398980424,
      "root_width_mm": 2.0668908308863125,
      "safety_factor": 8.607949250476368,
      "section_height_mm": 2.7483230346897294,
      "stage_id": "compound",
      "tangential_force_n": 105.80645161290325,
      "tooth_count": 31
    },
    {
      "fillet_radius_mm": 0.41937894762488526,
      "max_von_mises_mpa": 93.96250317900902,
      "member": 0,
      "mesh_element_count": 240,
      "model_version": "involute-tooth-root-plane-stress-v3",
      "pressure_angle_deg": 20.0,
      "radial_force_n": 38.510398980423986,
      "root_width_mm": 2.158323718831948,
      "safety_factor": 8.51403456627705,
      "section_height_mm": 2.745827376355244,
      "stage_id": "output",
      "tangential_force_n": 105.80645161290322,
      "tooth_count": 30
    }
  ],
  "valid": true
}
