{
  "instance_id": "train-procedural-0038",
  "minimum_safety_factor": 14.177028736113726,
  "report_count": 4,
  "reports": [
    {
      "fillet_radius_mm": 0.19685938075122067,
      "max_von_mises_mpa": 48.28334680448447,
      "member": 0,
      "mesh_element_count": 240,
      "model_version": "involute-tooth-root-plane-stress-v3",
      "pressure_angle_deg": 20.0,
      "radial_force_n": 16.176454856275658,
      "root_width_mm": 1.6083845258083798,
      "safety_factor": 16.56885971967663,
      "section_height_mm": 2.7584828906895105,
      "stage_id": "input",
      "tangential_force_n": 44.44444444444444,
      "tooth_count": 36
    },
    {
      "fillet_radius_mm": 0.23404176736505633,
      "max_von_mises_mpa": 47.952228566107394,
      "member": 0,
      "mesh_element_count": 240,
      "model_version": "involute-tooth-root-plane-stress-v3",
      "pressure_angle_deg": 20.0,
      "radial_force_n": 16.17645485627566,
      "root_width_mm": 1.700238785257614,
      "safety_factor": 16.68327049486579,
      "section_height_mm": 2.756711349470944,
      "stage_id": "compound",
      "tangential_force_n": 44.44444444444445,
      "tooth_count": 35
    },
    {
      "fillet_radius_mm": 0.27119034277732723,
      "max_von_mises_mpa": 45.499949397977026,
      "member": 1,
      "mesh_element_count": 240,
      "model_version": "involute-tooth-root-plane-stress-v3",
      "pressure_angle_deg": 20.0,
      "radial_force_n": 16.652232940283767,
      "root_width_mm": 1.7920233930258112,
      "safety_factor": 17.58243713641512,
      "section_height_mm": 2.7548223227453086,
      "stage_id": "compound",
      "tangential_force_n": 45.751633986928105,
      "tooth_count": 34
    },
    {
      "fillet_radius_mm": 0.375,
      "max_von_mises_mpa": 56.429313567103605,
      "member": 0,
      "mesh_element_count": 240,
      "model_version": "involute-tooth-root-plane-stress-v3",
      "pressure_angle_deg": 20.0,
      "radial_force_n": 16.65223294028377,
      "root_width_mm": 1.83973566785132,
      "safety_factor": 14.177028736113726,
      "section_height_mm": 3.150192371987057,
      "stage_id": "output",
      "tangential_force_n": 45.75163398692811,
      "tooth_count": 44
    }
  ],
  "valid": true
}
