{
  "instance_id": "train-procedural-0051",
  "minimum_safety_factor": 11.696220300476323,
  "report_count": 4,
  "reports": [
    {
      "fillet_radius_mm": 0.375,
      "max_von_mises_mpa": 45.3049313463041,
      "member": 0,
      "mesh_element_count": 240,
      "model_version": "involute-tooth-root-plane-stress-v3",
      "pressure_angle_deg": 20.0,
      "radial_force_n": 14.203716459168872,
      "root_width_mm": 1.8771953026869568,
      "safety_factor": 17.658121891520373,
      "section_height_mm": 3.1303797680542544,
      "stage_id": "input",
      "tangential_force_n": 39.02439024390244,
      "tooth_count": 41
    },
    {
      "fillet_radius_mm": 0.5299682897569227,
      "max_von_mises_mpa": 29.88426342475311,
      "member": 0,
      "mesh_element_count": 240,
      "model_version": "involute-tooth-root-plane-stress-v3",
      "pressure_angle_deg": 20.0,
      "radial_force_n": 14.203716459168872,
      "root_width_mm": 2.4319034877485923,
      "safety_factor": 26.769942047069517,
      "section_height_mm": 2.7370630665751,
      "stage_id": "compound",
      "tangential_force_n": 39.02439024390244,
      "tooth_count": 27
    },
    {
      "fillet_radius_mm": 0.8207353209682644,
      "max_von_mises_mpa": 30.490820453373335,
      "member": 1,
      "mesh_element_count": 240,
      "model_version": "involute-tooth-root-plane-stress-v3",
      "pressure_angle_deg": 20.0,
      "radial_force_n": 20.184228652503133,
      "root_width_mm": 3.152763796879679,
      "safety_factor": 26.237404835444252,
      "section_height_mm": 2.6973548666498175,
      "stage_id": "compound",
      "tangential_force_n": 55.45571245186136,
      "tooth_count": 19
    },
    {
      "fillet_radius_mm": 0.375,
      "max_von_mises_mpa": 68.3981644880116,
      "member": 0,
      "mesh_element_count": 240,
      "model_version": "involute-tooth-root-plane-stress-v3",
      "pressure_angle_deg": 20.0,
      "radial_force_n": 20.18422865250313,
      "root_width_mm": 1.83973566785132,
      "safety_factor": 11.696220300476323,
      "section_height_mm": 3.150192371987057,
      "stage_id": "output",
      "tangential_force_n": 55.45571245186135,
      "tooth_count": 44
    }
  ],
  "valid": true
}
