{
  "instance_id": "train-procedural-0035",
  "minimum_safety_factor": 18.361224423818573,
  "report_count": 4,
  "reports": [
    {
      "fillet_radius_mm": 0.375,
      "max_von_mises_mpa": 43.570079071754215,
      "member": 0,
      "mesh_element_count": 240,
      "model_version": "involute-tooth-root-plane-stress-v3",
      "pressure_angle_deg": 20.0,
      "radial_force_n": 12.390476060126037,
      "root_width_mm": 1.81437450709325,
      "safety_factor": 18.361224423818573,
      "section_height_mm": 3.1526236589524217,
      "stage_id": "input",
      "tangential_force_n": 34.04255319148936,
      "tooth_count": 47
    },
    {
      "fillet_radius_mm": 0.45630370339355153,
      "max_von_mises_mpa": 30.352878585936715,
      "member": 0,
      "mesh_element_count": 240,
      "model_version": "involute-tooth-root-plane-stress-v3",
      "pressure_angle_deg": 20.0,
      "radial_force_n": 12.390476060126037,
      "root_width_mm": 2.2496451921349423,
      "safety_factor": 26.35664349709029,
      "section_height_mm": 2.7431352487912193,
      "stage_id": "compound",
      "tangential_force_n": 34.04255319148936,
      "tooth_count": 29
    },
    {
      "fillet_radius_mm": 0.375,
      "max_von_mises_mpa": 27.624602929055683,
      "member": 1,
      "mesh_element_count": 240,
      "model_version": "involute-tooth-root-plane-stress-v3",
      "pressure_angle_deg": 20.0,
      "radial_force_n": 8.983095143591378,
      "root_width_mm": 1.894691898374343,
      "safety_factor": 28.95969227338853,
      "section_height_mm": 3.091744457185296,
      "stage_id": "compound",
      "tangential_force_n": 24.680851063829788,
      "tooth_count": 40
    },
    {
      "fillet_radius_mm": 0.8563763326825118,
      "max_von_mises_mpa": 13.871137452306526,
      "member": 0,
      "mesh_element_count": 240,
      "model_version": "involute-tooth-root-plane-stress-v3",
      "pressure_angle_deg": 20.0,
      "radial_force_n": 8.98309514359138,
      "root_width_mm": 3.2413753097353415,
      "safety_factor": 57.67371297059522,
      "section_height_mm": 2.6894142313934317,
      "stage_id": "output",
      "tangential_force_n": 24.68085106382979,
      "tooth_count": 18
    }
  ],
  "valid": true
}
