{
  "instance_id": "train-procedural-0080",
  "minimum_safety_factor": 44.97221259781834,
  "report_count": 4,
  "reports": [
    {
      "fillet_radius_mm": 0.6,
      "max_von_mises_mpa": 17.788762299829763,
      "member": 0,
      "mesh_element_count": 240,
      "model_version": "involute-tooth-root-plane-stress-v3",
      "pressure_angle_deg": 20.0,
      "radial_force_n": 8.665957958719103,
      "root_width_mm": 2.978789202350025,
      "safety_factor": 44.97221259781834,
      "section_height_mm": 5.037464947624073,
      "stage_id": "input",
      "tangential_force_n": 23.80952380952381,
      "tooth_count": 42
    },
    {
      "fillet_radius_mm": 0.7300859254296803,
      "max_von_mises_mpa": 13.268092387826151,
      "member": 0,
      "mesh_element_count": 240,
      "model_version": "involute-tooth-root-plane-stress-v3",
      "pressure_angle_deg": 20.0,
      "radial_force_n": 8.665957958719103,
      "root_width_mm": 3.599432307415903,
      "safety_factor": 60.29502784695881,
      "section_height_mm": 4.389016398065962,
      "stage_id": "compound",
      "tangential_force_n": 23.80952380952381,
      "tooth_count": 29
    },
    {
      "fillet_radius_mm": 0.7300859254296803,
      "max_von_mises_mpa": 13.268092387826151,
      "member": 1,
      "mesh_element_count": 240,
      "model_version": "involute-tooth-root-plane-stress-v3",
      "pressure_angle_deg": 20.0,
      "radial_force_n": 8.665957958719103,
      "root_width_mm": 3.599432307415903,
      "safety_factor": 60.29502784695881,
      "section_height_mm": 4.389016398065962,
      "stage_id": "compound",
      "tangential_force_n": 23.80952380952381,
      "tooth_count": 29
    },
    {
      "fillet_radius_mm": 0.8479492636110741,
      "max_von_mises_mpa": 11.395598962193555,
      "member": 0,
      "mesh_element_count": 240,
      "model_version": "involute-tooth-root-plane-stress-v3",
      "pressure_angle_deg": 20.0,
      "radial_force_n": 8.665957958719103,
      "root_width_mm": 3.8910455803977437,
      "safety_factor": 70.20254070489041,
      "section_height_mm": 4.379300906520161,
      "stage_id": "output",
      "tangential_force_n": 23.809523809523807,
      "tooth_count": 27
    }
  ],
  "valid": true
}
