{
  "instance_id": "train-procedural-0025",
  "minimum_safety_factor": 10.161472790223705,
  "report_count": 4,
  "reports": [
    {
      "fillet_radius_mm": 0.3,
      "max_von_mises_mpa": 68.07824854961834,
      "member": 0,
      "mesh_element_count": 240,
      "model_version": "involute-tooth-root-plane-stress-v3",
      "pressure_angle_deg": 20.0,
      "radial_force_n": 15.488095075157545,
      "root_width_mm": 1.4514996056746,
      "safety_factor": 11.751183631243478,
      "section_height_mm": 2.522098927161938,
      "stage_id": "input",
      "tangential_force_n": 42.5531914893617,
      "tooth_count": 47
    },
    {
      "fillet_radius_mm": 0.18723341389204506,
      "max_von_mises_mpa": 57.3896352519724,
      "member": 0,
      "mesh_element_count": 240,
      "model_version": "involute-tooth-root-plane-stress-v3",
      "pressure_angle_deg": 20.0,
      "radial_force_n": 15.488095075157549,
      "root_width_mm": 1.3601910282060912,
      "safety_factor": 13.939799346825525,
      "section_height_mm": 2.2053690795767587,
      "stage_id": "compound",
      "tangential_force_n": 42.55319148936171,
      "tooth_count": 35
    },
    {
      "fillet_radius_mm": 0.5990794636294545,
      "max_von_mises_mpa": 55.56076180204515,
      "member": 1,
      "mesh_element_count": 240,
      "model_version": "involute-tooth-root-plane-stress-v3",
      "pressure_angle_deg": 20.0,
      "radial_force_n": 25.81349179192925,
      "root_width_mm": 2.379401740648575,
      "safety_factor": 14.398650667359147,
      "section_height_mm": 2.16848527977921,
      "stage_id": "compound",
      "tangential_force_n": 70.92198581560285,
      "tooth_count": 21
    },
    {
      "fillet_radius_mm": 0.3355031580999075,
      "max_von_mises_mpa": 78.7287449876041,
      "member": 0,
      "mesh_element_count": 240,
      "model_version": "involute-tooth-root-plane-stress-v3",
      "pressure_angle_deg": 20.0,
      "radial_force_n": 25.813491791929245,
      "root_width_mm": 1.726658975065557,
      "safety_factor": 10.161472790223705,
      "section_height_mm": 2.1966619010841963,
      "stage_id": "output",
      "tangential_force_n": 70.92198581560284,
      "tooth_count": 30
    }
  ],
  "valid": true
}
