{
  "instance_id": "train-procedural-0076",
  "minimum_safety_factor": 17.86874629634609,
  "report_count": 4,
  "reports": [
    {
      "fillet_radius_mm": 0.375,
      "max_von_mises_mpa": 44.77090819536617,
      "member": 0,
      "mesh_element_count": 240,
      "model_version": "involute-tooth-root-plane-stress-v3",
      "pressure_angle_deg": 20.0,
      "radial_force_n": 14.558809370648094,
      "root_width_mm": 1.894691898374343,
      "safety_factor": 17.86874629634609,
      "section_height_mm": 3.091744457185296,
      "stage_id": "input",
      "tangential_force_n": 40.0,
      "tooth_count": 40
    },
    {
      "fillet_radius_mm": 0.6033370392208077,
      "max_von_mises_mpa": 27.920731206790553,
      "member": 0,
      "mesh_element_count": 240,
      "model_version": "involute-tooth-root-plane-stress-v3",
      "pressure_angle_deg": 20.0,
      "radial_force_n": 14.558809370648094,
      "root_width_mm": 2.6135443630679687,
      "safety_factor": 28.652544737275125,
      "section_height_mm": 2.7298653630352874,
      "stage_id": "compound",
      "tangential_force_n": 40.0,
      "tooth_count": 25
    },
    {
      "fillet_radius_mm": 0.3083020347388299,
      "max_von_mises_mpa": 27.564648673509076,
      "member": 1,
      "mesh_element_count": 240,
      "model_version": "involute-tooth-root-plane-stress-v3",
      "pressure_angle_deg": 20.0,
      "radial_force_n": 11.029401038369768,
      "root_width_mm": 1.883731922596791,
      "safety_factor": 29.022680806697082,
      "section_height_mm": 2.7528039277709375,
      "stage_id": "compound",
      "tangential_force_n": 30.303030303030305,
      "tooth_count": 33
    },
    {
      "fillet_radius_mm": 0.6398873856888372,
      "max_von_mises_mpa": 21.493261797932515,
      "member": 0,
      "mesh_element_count": 240,
      "model_version": "involute-tooth-root-plane-stress-v3",
      "pressure_angle_deg": 20.0,
      "radial_force_n": 11.029401038369768,
      "root_width_mm": 2.7040840694359707,
      "safety_factor": 37.22096755351269,
      "section_height_mm": 2.725744462544352,
      "stage_id": "output",
      "tangential_force_n": 30.3030303030303,
      "tooth_count": 24
    }
  ],
  "valid": true
}
