{
  "instance_id": "train-procedural-0089",
  "minimum_safety_factor": 18.65497113338051,
  "report_count": 4,
  "reports": [
    {
      "fillet_radius_mm": 0.5475644440722611,
      "max_von_mises_mpa": 34.161525228427436,
      "member": 0,
      "mesh_element_count": 240,
      "model_version": "involute-tooth-root-plane-stress-v3",
      "pressure_angle_deg": 20.0,
      "radial_force_n": 16.734263644423095,
      "root_width_mm": 2.6995742305619292,
      "safety_factor": 23.41815813698745,
      "section_height_mm": 3.291762298549461,
      "stage_id": "input",
      "tangential_force_n": 45.97701149425287,
      "tooth_count": 29
    },
    {
      "fillet_radius_mm": 0.44999999999999996,
      "max_von_mises_mpa": 42.884011681396274,
      "member": 0,
      "mesh_element_count": 240,
      "model_version": "involute-tooth-root-plane-stress-v3",
      "pressure_angle_deg": 20.0,
      "radial_force_n": 16.7342636444231,
      "root_width_mm": 2.2736302780492115,
      "safety_factor": 18.65497113338051,
      "section_height_mm": 3.7100933486223546,
      "stage_id": "compound",
      "tangential_force_n": 45.97701149425288,
      "tooth_count": 40
    },
    {
      "fillet_radius_mm": 0.44999999999999996,
      "max_von_mises_mpa": 42.56813328987075,
      "member": 1,
      "mesh_element_count": 240,
      "model_version": "involute-tooth-root-plane-stress-v3",
      "pressure_angle_deg": 20.0,
      "radial_force_n": 14.874901017264975,
      "root_width_mm": 2.1966149303982623,
      "safety_factor": 18.79340102964682,
      "section_height_mm": 3.781241388395788,
      "stage_id": "compound",
      "tangential_force_n": 40.86845466155811,
      "tooth_count": 45
    },
    {
      "fillet_radius_mm": 0.36996244168659587,
      "max_von_mises_mpa": 30.979426350816354,
      "member": 0,
      "mesh_element_count": 240,
      "model_version": "involute-tooth-root-plane-stress-v3",
      "pressure_angle_deg": 20.0,
      "radial_force_n": 14.874901017264978,
      "root_width_mm": 2.2604783071161494,
      "safety_factor": 25.8235898541394,
      "section_height_mm": 3.303364713325127,
      "stage_id": "output",
      "tangential_force_n": 40.86845466155812,
      "tooth_count": 33
    }
  ],
  "valid": true
}
