{
  "instance_id": "train-procedural-0024",
  "minimum_safety_factor": 10.466556744309297,
  "report_count": 4,
  "reports": [
    {
      "fillet_radius_mm": 0.24664162779106213,
      "max_von_mises_mpa": 68.91162168376604,
      "member": 0,
      "mesh_element_count": 240,
      "model_version": "involute-tooth-root-plane-stress-v3",
      "pressure_angle_deg": 20.0,
      "radial_force_n": 22.058802076739536,
      "root_width_mm": 1.5069855380774293,
      "safety_factor": 11.609072322679951,
      "section_height_mm": 2.202243142216755,
      "stage_id": "input",
      "tangential_force_n": 60.60606060606061,
      "tooth_count": 33
    },
    {
      "fillet_radius_mm": 0.21695227422186036,
      "max_von_mises_mpa": 75.34082530184068,
      "member": 0,
      "mesh_element_count": 240,
      "model_version": "involute-tooth-root-plane-stress-v3",
      "pressure_angle_deg": 20.0,
      "radial_force_n": 22.058802076739536,
      "root_width_mm": 1.433618714420646,
      "safety_factor": 10.618413015717985,
      "section_height_mm": 2.2038578581962476,
      "stage_id": "compound",
      "tangential_force_n": 60.6060606060606,
      "tooth_count": 34
    },
    {
      "fillet_radius_mm": 0.3945352138143523,
      "max_von_mises_mpa": 76.43392373857455,
      "member": 1,
      "mesh_element_count": 240,
      "model_version": "involute-tooth-root-plane-stress-v3",
      "pressure_angle_deg": 20.0,
      "radial_force_n": 26.785688236040862,
      "root_width_mm": 1.8726744853071688,
      "safety_factor": 10.466556744309297,
      "section_height_mm": 2.192178396255148,
      "stage_id": "compound",
      "tangential_force_n": 73.59307359307358,
      "tooth_count": 28
    },
    {
      "fillet_radius_mm": 0.5119099085510701,
      "max_von_mises_mpa": 65.24740188658471,
      "member": 0,
      "mesh_element_count": 240,
      "model_version": "involute-tooth-root-plane-stress-v3",
      "pressure_angle_deg": 20.0,
      "radial_force_n": 26.785688236040865,
      "root_width_mm": 2.163267255548777,
      "safety_factor": 12.261024605862278,
      "section_height_mm": 2.1805955700354804,
      "stage_id": "output",
      "tangential_force_n": 73.5930735930736,
      "tooth_count": 24
    }
  ],
  "valid": true
}
