{
  "instance_id": "train-procedural-0070",
  "minimum_safety_factor": 45.66300497488397,
  "report_count": 4,
  "reports": [
    {
      "fillet_radius_mm": 0.6,
      "max_von_mises_mpa": 17.519652954071336,
      "member": 0,
      "mesh_element_count": 240,
      "model_version": "involute-tooth-root-plane-stress-v3",
      "pressure_angle_deg": 20.0,
      "radial_force_n": 8.272050778777325,
      "root_width_mm": 2.943577068562112,
      "safety_factor": 45.66300497488397,
      "section_height_mm": 5.040307795179288,
      "stage_id": "input",
      "tangential_force_n": 22.727272727272727,
      "tooth_count": 44
    },
    {
      "fillet_radius_mm": 1.1402546753107785,
      "max_von_mises_mpa": 9.596024684441725,
      "member": 0,
      "mesh_element_count": 240,
      "model_version": "involute-tooth-root-plane-stress-v3",
      "pressure_angle_deg": 20.0,
      "radial_force_n": 8.272050778777325,
      "root_width_mm": 4.615154653963553,
      "safety_factor": 83.36785557638885,
      "section_height_mm": 4.345899066096074,
      "stage_id": "compound",
      "tangential_force_n": 22.727272727272727,
      "tooth_count": 22
    },
    {
      "fillet_radius_mm": 0.8479492636110741,
      "max_von_mises_mpa": 8.863243637261666,
      "member": 1,
      "mesh_element_count": 240,
      "model_version": "involute-tooth-root-plane-stress-v3",
      "pressure_angle_deg": 20.0,
      "radial_force_n": 6.7401895234481914,
      "root_width_mm": 3.8910455803977437,
      "safety_factor": 90.26040947771612,
      "section_height_mm": 4.379300906520161,
      "stage_id": "compound",
      "tangential_force_n": 18.51851851851852,
      "tooth_count": 27
    },
    {
      "fillet_radius_mm": 1.313176513549223,
      "max_von_mises_mpa": 6.363690932885829,
      "member": 0,
      "mesh_element_count": 240,
      "model_version": "involute-tooth-root-plane-stress-v3",
      "pressure_angle_deg": 20.0,
      "radial_force_n": 6.7401895234481914,
      "root_width_mm": 5.0444220750074855,
      "safety_factor": 125.71320770243837,
      "section_height_mm": 4.315767786639704,
      "stage_id": "output",
      "tangential_force_n": 18.51851851851852,
      "tooth_count": 19
    }
  ],
  "valid": true
}
