{
  "instance_id": "train-procedural-0085",
  "minimum_safety_factor": 17.27829098919497,
  "report_count": 4,
  "reports": [
    {
      "fillet_radius_mm": 0.8207353209682644,
      "max_von_mises_mpa": 46.30087550327068,
      "member": 0,
      "mesh_element_count": 240,
      "model_version": "involute-tooth-root-plane-stress-v3",
      "pressure_angle_deg": 20.0,
      "radial_force_n": 30.650124990838094,
      "root_width_mm": 3.152763796879679,
      "safety_factor": 17.27829098919497,
      "section_height_mm": 2.6973548666498175,
      "stage_id": "input",
      "tangential_force_n": 84.21052631578948,
      "tooth_count": 19
    },
    {
      "fillet_radius_mm": 0.8207353209682644,
      "max_von_mises_mpa": 46.30087550327068,
      "member": 0,
      "mesh_element_count": 240,
      "model_version": "involute-tooth-root-plane-stress-v3",
      "pressure_angle_deg": 20.0,
      "radial_force_n": 30.650124990838094,
      "root_width_mm": 3.152763796879679,
      "safety_factor": 17.27829098919497,
      "section_height_mm": 2.6973548666498175,
      "stage_id": "compound",
      "tangential_force_n": 84.21052631578948,
      "tooth_count": 19
    },
    {
      "fillet_radius_mm": 0.12240384685668104,
      "max_von_mises_mpa": 44.73258001385978,
      "member": 1,
      "mesh_element_count": 240,
      "model_version": "involute-tooth-root-plane-stress-v3",
      "pressure_angle_deg": 20.0,
      "radial_force_n": 15.325062495419047,
      "root_width_mm": 1.4244893328158177,
      "safety_factor": 17.88405676024345,
      "section_height_mm": 2.7617142577321445,
      "stage_id": "compound",
      "tangential_force_n": 42.10526315789474,
      "tooth_count": 38
    },
    {
      "fillet_radius_mm": 0.6763328577424073,
      "max_von_mises_mpa": 30.12569452442529,
      "member": 0,
      "mesh_element_count": 240,
      "model_version": "involute-tooth-root-plane-stress-v3",
      "pressure_angle_deg": 20.0,
      "radial_force_n": 15.325062495419047,
      "root_width_mm": 2.7944034001280893,
      "safety_factor": 26.555404369229617,
      "section_height_mm": 2.7212066081137163,
      "stage_id": "output",
      "tangential_force_n": 42.10526315789474,
      "tooth_count": 23
    }
  ],
  "valid": true
}
