{
  "instance_id": "train-procedural-0047",
  "minimum_safety_factor": 15.260791847070585,
  "report_count": 4,
  "reports": [
    {
      "fillet_radius_mm": 0.23404176736505633,
      "max_von_mises_mpa": 49.322292239424755,
      "member": 0,
      "mesh_element_count": 240,
      "model_version": "involute-tooth-root-plane-stress-v3",
      "pressure_angle_deg": 20.0,
      "radial_force_n": 16.63863928074068,
      "root_width_mm": 1.700238785257614,
      "safety_factor": 16.219846314452848,
      "section_height_mm": 2.756711349470944,
      "stage_id": "input",
      "tangential_force_n": 45.714285714285715,
      "tooth_count": 35
    },
    {
      "fillet_radius_mm": 0.12240384685668104,
      "max_von_mises_mpa": 48.56680115790501,
      "member": 0,
      "mesh_element_count": 240,
      "model_version": "involute-tooth-root-plane-stress-v3",
      "pressure_angle_deg": 20.0,
      "radial_force_n": 16.638639280740676,
      "root_width_mm": 1.4244893328158177,
      "safety_factor": 16.472157542329455,
      "section_height_mm": 2.7617142577321445,
      "stage_id": "compound",
      "tangential_force_n": 45.71428571428571,
      "tooth_count": 38
    },
    {
      "fillet_radius_mm": 0.19685938075122067,
      "max_von_mises_mpa": 52.42191938772597,
      "member": 1,
      "mesh_element_count": 240,
      "model_version": "involute-tooth-root-plane-stress-v3",
      "pressure_angle_deg": 20.0,
      "radial_force_n": 17.563008129670713,
      "root_width_mm": 1.6083845258083798,
      "safety_factor": 15.260791847070585,
      "section_height_mm": 2.7584828906895105,
      "stage_id": "compound",
      "tangential_force_n": 48.253968253968246,
      "tooth_count": 36
    },
    {
      "fillet_radius_mm": 0.41937894762488526,
      "max_von_mises_mpa": 42.85243079553727,
      "member": 0,
      "mesh_element_count": 240,
      "model_version": "involute-tooth-root-plane-stress-v3",
      "pressure_angle_deg": 20.0,
      "radial_force_n": 17.563008129670717,
      "root_width_mm": 2.158323718831948,
      "safety_factor": 18.66871925695551,
      "section_height_mm": 2.745827376355244,
      "stage_id": "output",
      "tangential_force_n": 48.25396825396826,
      "tooth_count": 30
    }
  ],
  "valid": true
}
