{
  "instance_id": "train-procedural-0082",
  "minimum_safety_factor": 25.427695523798793,
  "report_count": 4,
  "reports": [
    {
      "fillet_radius_mm": 0.44999999999999996,
      "max_von_mises_mpa": 31.46175787936615,
      "member": 0,
      "mesh_element_count": 240,
      "model_version": "involute-tooth-root-plane-stress-v3",
      "pressure_angle_deg": 20.0,
      "radial_force_n": 11.836430382640728,
      "root_width_mm": 2.252634363224348,
      "safety_factor": 25.427695523798793,
      "section_height_mm": 3.7564557216650982,
      "stage_id": "input",
      "tangential_force_n": 32.520325203252035,
      "tooth_count": 41
    },
    {
      "fillet_radius_mm": 0.325428411332787,
      "max_von_mises_mpa": 26.9511895388711,
      "member": 0,
      "mesh_element_count": 240,
      "model_version": "involute-tooth-root-plane-stress-v3",
      "pressure_angle_deg": 20.0,
      "radial_force_n": 11.836430382640728,
      "root_width_mm": 2.150428071630962,
      "safety_factor": 29.683290930301162,
      "section_height_mm": 3.305786787294366,
      "stage_id": "compound",
      "tangential_force_n": 32.520325203252035,
      "tooth_count": 34
    },
    {
      "fillet_radius_mm": 0.44999999999999996,
      "max_von_mises_mpa": 25.828431455326204,
      "member": 1,
      "mesh_element_count": 240,
      "model_version": "involute-tooth-root-plane-stress-v3",
      "pressure_angle_deg": 20.0,
      "radial_force_n": 9.1463325684042,
      "root_width_mm": 2.207682801421584,
      "safety_factor": 30.973619183329394,
      "section_height_mm": 3.780230846384466,
      "stage_id": "compound",
      "tangential_force_n": 25.129342202512937,
      "tooth_count": 44
    },
    {
      "fillet_radius_mm": 0.45888059840218887,
      "max_von_mises_mpa": 18.394077570402303,
      "member": 0,
      "mesh_element_count": 240,
      "model_version": "involute-tooth-root-plane-stress-v3",
      "pressure_angle_deg": 20.0,
      "radial_force_n": 9.146332568404198,
      "root_width_mm": 2.4802689970635723,
      "safety_factor": 43.49225977426945,
      "section_height_mm": 3.2979876416276745,
      "stage_id": "output",
      "tangential_force_n": 25.129342202512934,
      "tooth_count": 31
    }
  ],
  "valid": true
}
