{
  "instance_id": "train-procedural-0015",
  "minimum_safety_factor": 4.975116990992585,
  "report_count": 4,
  "reports": [
    {
      "fillet_radius_mm": 0.5410662861939244,
      "max_von_mises_mpa": 77.77013532121117,
      "member": 0,
      "mesh_element_count": 240,
      "model_version": "involute-tooth-root-plane-stress-v3",
      "pressure_angle_deg": 20.0,
      "radial_force_n": 31.649585588365422,
      "root_width_mm": 2.2355227201024688,
      "safety_factor": 10.286725060922024,
      "section_height_mm": 2.1769652864909723,
      "stage_id": "input",
      "tangential_force_n": 86.95652173913044,
      "tooth_count": 23
    },
    {
      "fillet_radius_mm": 0.2762987097914156,
      "max_von_mises_mpa": 93.71729778083831,
      "member": 0,
      "mesh_element_count": 240,
      "model_version": "involute-tooth-root-plane-stress-v3",
      "pressure_angle_deg": 20.0,
      "radial_force_n": 31.649585588365422,
      "root_width_mm": 1.5802857056892479,
      "safety_factor": 8.536311000673882,
      "section_height_mm": 2.2005141167778888,
      "stage_id": "compound",
      "tangential_force_n": 86.95652173913044,
      "tooth_count": 32
    },
    {
      "fillet_radius_mm": 0.6565882567746115,
      "max_von_mises_mpa": 100.65407718102267,
      "member": 1,
      "mesh_element_count": 240,
      "model_version": "involute-tooth-root-plane-stress-v3",
      "pressure_angle_deg": 20.0,
      "radial_force_n": 53.30456520145756,
      "root_width_mm": 2.5222110375037428,
      "safety_factor": 7.94801385502973,
      "section_height_mm": 2.157883893319852,
      "stage_id": "compound",
      "tangential_force_n": 146.45308924485127,
      "tooth_count": 19
    },
    {
      "fillet_radius_mm": 0.30592039893479317,
      "max_von_mises_mpa": 160.80023875788137,
      "member": 0,
      "mesh_element_count": 240,
      "model_version": "involute-tooth-root-plane-stress-v3",
      "pressure_angle_deg": 20.0,
      "radial_force_n": 53.30456520145754,
      "root_width_mm": 1.6535126647090495,
      "safety_factor": 4.975116990992585,
      "section_height_mm": 2.198658427751784,
      "stage_id": "output",
      "tangential_force_n": 146.45308924485124,
      "tooth_count": 31
    }
  ],
  "valid": true
}
