{
  "instance_id": "train-procedural-0019",
  "minimum_safety_factor": 24.263381543626984,
  "report_count": 4,
  "reports": [
    {
      "fillet_radius_mm": 0.5918028207215293,
      "max_von_mises_mpa": 32.971496514678016,
      "member": 0,
      "mesh_element_count": 240,
      "model_version": "involute-tooth-root-plane-stress-v3",
      "pressure_angle_deg": 20.0,
      "radial_force_n": 17.331915917438206,
      "root_width_mm": 2.809011727960755,
      "safety_factor": 24.263381543626984,
      "section_height_mm": 3.2882675943827238,
      "stage_id": "input",
      "tangential_force_n": 47.61904761904762,
      "tooth_count": 28
    },
    {
      "fillet_radius_mm": 0.8551910064830857,
      "max_von_mises_mpa": 26.80794197558453,
      "member": 0,
      "mesh_element_count": 240,
      "model_version": "involute-tooth-root-plane-stress-v3",
      "pressure_angle_deg": 20.0,
      "radial_force_n": 17.331915917438206,
      "root_width_mm": 3.461365990472668,
      "safety_factor": 29.841902848365013,
      "section_height_mm": 3.259424299572057,
      "stage_id": "compound",
      "tangential_force_n": 47.61904761904761,
      "tooth_count": 22
    },
    {
      "fillet_radius_mm": 0.1468846162280144,
      "max_von_mises_mpa": 24.407657745663432,
      "member": 1,
      "mesh_element_count": 240,
      "model_version": "involute-tooth-root-plane-stress-v3",
      "pressure_angle_deg": 20.0,
      "radial_force_n": 10.034267110095804,
      "root_width_mm": 1.7093871993789755,
      "safety_factor": 32.77659857149291,
      "section_height_mm": 3.3140571092785684,
      "stage_id": "compound",
      "tangential_force_n": 27.56892230576441,
      "tooth_count": 38
    },
    {
      "fillet_radius_mm": 0.19157510789298726,
      "max_von_mises_mpa": 24.767587029414905,
      "member": 0,
      "mesh_element_count": 240,
      "model_version": "involute-tooth-root-plane-stress-v3",
      "pressure_angle_deg": 20.0,
      "radial_force_n": 10.034267110095804,
      "root_width_mm": 1.8197596049069544,
      "safety_factor": 32.3002801625322,
      "section_height_mm": 3.31217691787878,
      "stage_id": "output",
      "tangential_force_n": 27.568922305764413,
      "tooth_count": 37
    }
  ],
  "valid": true
}
