{
  "instance_id": "train-procedural-0084",
  "minimum_safety_factor": 16.16668287677826,
  "report_count": 4,
  "reports": [
    {
      "cumulative_mesh_efficiency": 1.0,
      "fillet_radius_mm": 0.375,
      "max_von_mises_mpa": 45.21906987252708,
      "member": 0,
      "mesh_element_count": 240,
      "model_version": "involute-tooth-root-plane-stress-v3",
      "pressure_angle_deg": 20.0,
      "radial_force_n": 13.543078484323809,
      "root_width_mm": 1.8500009487673188,
      "safety_factor": 17.691650939641317,
      "section_height_mm": 3.149318512725248,
      "stage_id": "input",
      "tangential_force_n": 37.2093023255814,
      "tooth_count": 43,
      "transmitted_torque_nm": 1.0
    },
    {
      "cumulative_mesh_efficiency": 1.0,
      "fillet_radius_mm": 0.375,
      "max_von_mises_mpa": 46.50816051066066,
      "member": 0,
      "mesh_element_count": 240,
      "model_version": "involute-tooth-root-plane-stress-v3",
      "pressure_angle_deg": 20.0,
      "radial_force_n": 13.543078484323805,
      "root_width_mm": 1.8305124419985521,
      "safety_factor": 17.201282338754787,
      "section_height_mm": 3.151034490329817,
      "stage_id": "compound",
      "tangential_force_n": 37.20930232558139,
      "tooth_count": 45,
      "transmitted_torque_nm": 1.0465116279069766
    },
    {
      "cumulative_mesh_efficiency": 1.0,
      "fillet_radius_mm": 0.6398873856888372,
      "max_von_mises_mpa": 49.48448646500736,
      "member": 1,
      "mesh_element_count": 240,
      "model_version": "involute-tooth-root-plane-stress-v3",
      "pressure_angle_deg": 20.0,
      "radial_force_n": 25.393272158107138,
      "root_width_mm": 2.7040840694359707,
      "safety_factor": 16.16668287677826,
      "section_height_mm": 2.725744462544352,
      "stage_id": "compound",
      "tangential_force_n": 69.76744186046511,
      "tooth_count": 24,
      "transmitted_torque_nm": 1.0465116279069766
    },
    {
      "cumulative_mesh_efficiency": 1.0,
      "fillet_radius_mm": 0.7126591720692375,
      "max_von_mises_mpa": 47.132102636142434,
      "member": 0,
      "mesh_element_count": 240,
      "model_version": "involute-tooth-root-plane-stress-v3",
      "pressure_angle_deg": 20.0,
      "radial_force_n": 25.393272158107138,
      "root_width_mm": 2.8844716587272226,
      "safety_factor": 16.973569080419804,
      "section_height_mm": 2.716186916310045,
      "stage_id": "output",
      "tangential_force_n": 69.76744186046511,
      "tooth_count": 22,
      "transmitted_torque_nm": 0.9593023255813953
    }
  ],
  "valid": true
}
