{
  "instance_id": "train-procedural-0012",
  "minimum_safety_factor": 46.53390048848149,
  "report_count": 4,
  "reports": [
    {
      "cumulative_mesh_efficiency": 1.0,
      "fillet_radius_mm": 0.6,
      "max_von_mises_mpa": 17.19176754155873,
      "member": 0,
      "mesh_element_count": 240,
      "model_version": "involute-tooth-root-plane-stress-v3",
      "pressure_angle_deg": 20.0,
      "radial_force_n": 7.912396397091356,
      "root_width_mm": 2.91537077089227,
      "safety_factor": 46.53390048848149,
      "section_height_mm": 5.0429515026566705,
      "stage_id": "input",
      "tangential_force_n": 21.73913043478261,
      "tooth_count": 46,
      "transmitted_torque_nm": 1.0
    },
    {
      "cumulative_mesh_efficiency": 1.0,
      "fillet_radius_mm": 1.255812700559762,
      "max_von_mises_mpa": 7.850784002197297,
      "member": 0,
      "mesh_element_count": 240,
      "model_version": "involute-tooth-root-plane-stress-v3",
      "pressure_angle_deg": 20.0,
      "radial_force_n": 7.9123963970913564,
      "root_width_mm": 4.901921253366181,
      "safety_factor": 101.900650912838,
      "section_height_mm": 4.326990558200347,
      "stage_id": "compound",
      "tangential_force_n": 21.739130434782613,
      "tooth_count": 20,
      "transmitted_torque_nm": 0.4347826086956522
    },
    {
      "cumulative_mesh_efficiency": 1.0,
      "fillet_radius_mm": 0.6,
      "max_von_mises_mpa": 7.547746459683946,
      "member": 1,
      "mesh_element_count": 240,
      "model_version": "involute-tooth-root-plane-stress-v3",
      "pressure_angle_deg": 20.0,
      "radial_force_n": 3.516620620929492,
      "root_width_mm": 2.928819907197683,
      "safety_factor": 105.99190159250516,
      "section_height_mm": 5.041655184527713,
      "stage_id": "compound",
      "tangential_force_n": 9.661835748792273,
      "tooth_count": 45,
      "transmitted_torque_nm": 0.4347826086956522
    },
    {
      "cumulative_mesh_efficiency": 1.0,
      "fillet_radius_mm": 0.6,
      "max_von_mises_mpa": 7.447968405595547,
      "member": 0,
      "mesh_element_count": 240,
      "model_version": "involute-tooth-root-plane-stress-v3",
      "pressure_angle_deg": 20.0,
      "radial_force_n": 3.516620620929492,
      "root_width_mm": 2.943577068562112,
      "safety_factor": 107.41184124773838,
      "section_height_mm": 5.040307795179288,
      "stage_id": "output",
      "tangential_force_n": 9.661835748792273,
      "tooth_count": 44,
      "transmitted_torque_nm": 0.42512077294685996
    }
  ],
  "valid": true
}
