{
  "instance_id": "train-procedural-0036",
  "minimum_safety_factor": 17.658121891520373,
  "report_count": 4,
  "reports": [
    {
      "cumulative_mesh_efficiency": 1.0,
      "fillet_radius_mm": 0.375,
      "max_von_mises_mpa": 45.3049313463041,
      "member": 0,
      "mesh_element_count": 240,
      "model_version": "involute-tooth-root-plane-stress-v3",
      "pressure_angle_deg": 20.0,
      "radial_force_n": 14.203716459168872,
      "root_width_mm": 1.8771953026869568,
      "safety_factor": 17.658121891520373,
      "section_height_mm": 3.1303797680542544,
      "stage_id": "input",
      "tangential_force_n": 39.02439024390244,
      "tooth_count": 41,
      "transmitted_torque_nm": 1.0
    },
    {
      "cumulative_mesh_efficiency": 1.0,
      "fillet_radius_mm": 0.12240384685668104,
      "max_von_mises_mpa": 41.4594644030896,
      "member": 0,
      "mesh_element_count": 240,
      "model_version": "involute-tooth-root-plane-stress-v3",
      "pressure_angle_deg": 20.0,
      "radial_force_n": 14.203716459168872,
      "root_width_mm": 1.4244893328158177,
      "safety_factor": 19.295955978157384,
      "section_height_mm": 2.7617142577321445,
      "stage_id": "compound",
      "tangential_force_n": 39.02439024390244,
      "tooth_count": 38,
      "transmitted_torque_nm": 0.9268292682926829
    },
    {
      "cumulative_mesh_efficiency": 1.0,
      "fillet_radius_mm": 0.375,
      "max_von_mises_mpa": 41.56858144810132,
      "member": 1,
      "mesh_element_count": 240,
      "model_version": "involute-tooth-root-plane-stress-v3",
      "pressure_angle_deg": 20.0,
      "radial_force_n": 12.266846032918572,
      "root_width_mm": 1.83973566785132,
      "safety_factor": 19.24530431712725,
      "section_height_mm": 3.150192371987057,
      "stage_id": "compound",
      "tangential_force_n": 33.70288248337029,
      "tooth_count": 44,
      "transmitted_torque_nm": 0.9268292682926829
    },
    {
      "cumulative_mesh_efficiency": 1.0,
      "fillet_radius_mm": 0.6033370392208077,
      "max_von_mises_mpa": 23.52522806780583,
      "member": 0,
      "mesh_element_count": 240,
      "model_version": "involute-tooth-root-plane-stress-v3",
      "pressure_angle_deg": 20.0,
      "radial_force_n": 12.266846032918572,
      "root_width_mm": 2.6135443630679687,
      "safety_factor": 34.006046517134365,
      "section_height_mm": 2.7298653630352874,
      "stage_id": "output",
      "tangential_force_n": 33.70288248337029,
      "tooth_count": 25,
      "transmitted_torque_nm": 0.5266075388026608
    }
  ],
  "valid": true
}
