{
  "instance_id": "train-procedural-0022",
  "minimum_safety_factor": 13.017798226957755,
  "report_count": 4,
  "reports": [
    {
      "cumulative_mesh_efficiency": 1.0,
      "fillet_radius_mm": 1.3702021322920181,
      "max_von_mises_mpa": 19.514591123635732,
      "member": 0,
      "mesh_element_count": 240,
      "model_version": "involute-tooth-root-plane-stress-v3",
      "pressure_angle_deg": 20.0,
      "radial_force_n": 20.220568570344575,
      "root_width_mm": 5.186200495576545,
      "safety_factor": 40.994966019608476,
      "section_height_mm": 4.303062770229488,
      "stage_id": "input",
      "tangential_force_n": 55.55555555555556,
      "tooth_count": 18,
      "transmitted_torque_nm": 1.0
    },
    {
      "cumulative_mesh_efficiency": 1.0,
      "fillet_radius_mm": 0.6,
      "max_von_mises_mpa": 44.439967803222956,
      "member": 0,
      "mesh_element_count": 240,
      "model_version": "involute-tooth-root-plane-stress-v3",
      "pressure_angle_deg": 20.0,
      "radial_force_n": 20.220568570344575,
      "root_width_mm": 2.9029992113492,
      "safety_factor": 18.001813222330483,
      "section_height_mm": 5.044197854323876,
      "stage_id": "compound",
      "tangential_force_n": 55.55555555555556,
      "tooth_count": 47,
      "transmitted_torque_nm": 2.611111111111111
    },
    {
      "cumulative_mesh_efficiency": 1.0,
      "fillet_radius_mm": 1.313176513549223,
      "max_von_mises_mpa": 47.225285344047506,
      "member": 1,
      "mesh_element_count": 240,
      "model_version": "involute-tooth-root-plane-stress-v3",
      "pressure_angle_deg": 20.0,
      "radial_force_n": 50.019301200326055,
      "root_width_mm": 5.0444220750074855,
      "safety_factor": 16.940077633661893,
      "section_height_mm": 4.315767786639704,
      "stage_id": "compound",
      "tangential_force_n": 137.42690058479533,
      "tooth_count": 19,
      "transmitted_torque_nm": 2.611111111111111
    },
    {
      "cumulative_mesh_efficiency": 1.0,
      "fillet_radius_mm": 1.0821325723878488,
      "max_von_mises_mpa": 61.45432476771144,
      "member": 0,
      "mesh_element_count": 240,
      "model_version": "involute-tooth-root-plane-stress-v3",
      "pressure_angle_deg": 20.0,
      "radial_force_n": 50.01930120032605,
      "root_width_mm": 4.4710454402049375,
      "safety_factor": 13.017798226957755,
      "section_height_mm": 4.353930572981945,
      "stage_id": "output",
      "tangential_force_n": 137.4269005847953,
      "tooth_count": 23,
      "transmitted_torque_nm": 3.160818713450292
    }
  ],
  "valid": true
}
