{
  "instance_id": "train-procedural-0071",
  "minimum_safety_factor": 11.443821955691748,
  "report_count": 4,
  "reports": [
    {
      "cumulative_mesh_efficiency": 1.0,
      "fillet_radius_mm": 0.9848823851619173,
      "max_von_mises_mpa": 32.15338576616021,
      "member": 0,
      "mesh_element_count": 240,
      "model_version": "involute-tooth-root-plane-stress-v3",
      "pressure_angle_deg": 20.0,
      "radial_force_n": 25.54177082569841,
      "root_width_mm": 3.783316556255614,
      "safety_factor": 24.880739024440746,
      "section_height_mm": 3.2368258399797796,
      "stage_id": "input",
      "tangential_force_n": 70.17543859649123,
      "tooth_count": 19,
      "transmitted_torque_nm": 1.0
    },
    {
      "cumulative_mesh_efficiency": 1.0,
      "fillet_radius_mm": 0.44999999999999996,
      "max_von_mises_mpa": 69.90671500285869,
      "member": 0,
      "mesh_element_count": 240,
      "model_version": "involute-tooth-root-plane-stress-v3",
      "pressure_angle_deg": 20.0,
      "radial_force_n": 25.541770825698407,
      "root_width_mm": 2.234091901762518,
      "safety_factor": 11.443821955691748,
      "section_height_mm": 3.778098710718062,
      "stage_id": "compound",
      "tangential_force_n": 70.17543859649122,
      "tooth_count": 42,
      "transmitted_torque_nm": 2.2105263157894735
    },
    {
      "cumulative_mesh_efficiency": 1.0,
      "fillet_radius_mm": 0.44999999999999996,
      "max_von_mises_mpa": 66.88389331190189,
      "member": 1,
      "mesh_element_count": 240,
      "model_version": "involute-tooth-root-plane-stress-v3",
      "pressure_angle_deg": 20.0,
      "radial_force_n": 22.824561163390065,
      "root_width_mm": 2.1772494085119014,
      "safety_factor": 11.961026196087799,
      "section_height_mm": 3.783148390742909,
      "stage_id": "compound",
      "tangential_force_n": 62.70996640537513,
      "tooth_count": 47,
      "transmitted_torque_nm": 2.2105263157894735
    },
    {
      "cumulative_mesh_efficiency": 1.0,
      "fillet_radius_mm": 0.767864862826606,
      "max_von_mises_mpa": 37.065647445482725,
      "member": 0,
      "mesh_element_count": 240,
      "model_version": "involute-tooth-root-plane-stress-v3",
      "pressure_angle_deg": 20.0,
      "radial_force_n": 22.824561163390072,
      "root_width_mm": 3.244900883323168,
      "safety_factor": 21.583327289147295,
      "section_height_mm": 3.270893355053218,
      "stage_id": "output",
      "tangential_force_n": 62.70996640537515,
      "tooth_count": 24,
      "transmitted_torque_nm": 1.1287793952967526
    }
  ],
  "valid": true
}
