{
  "instance_id": "train-procedural-0054",
  "minimum_safety_factor": 7.47864079587101,
  "report_count": 4,
  "reports": [
    {
      "cumulative_mesh_efficiency": 1.0,
      "fillet_radius_mm": 0.748849329536819,
      "max_von_mises_mpa": 47.75050614300996,
      "member": 0,
      "mesh_element_count": 240,
      "model_version": "involute-tooth-root-plane-stress-v3",
      "pressure_angle_deg": 20.0,
      "radial_force_n": 27.731065467901132,
      "root_width_mm": 2.9742521758107205,
      "safety_factor": 16.753749114282623,
      "section_height_mm": 2.7106065997240147,
      "stage_id": "input",
      "tangential_force_n": 76.19047619047619,
      "tooth_count": 21,
      "transmitted_torque_nm": 1.0
    },
    {
      "cumulative_mesh_efficiency": 1.0,
      "fillet_radius_mm": 0.375,
      "max_von_mises_mpa": 98.56286074663399,
      "member": 0,
      "mesh_element_count": 240,
      "model_version": "involute-tooth-root-plane-stress-v3",
      "pressure_angle_deg": 20.0,
      "radial_force_n": 27.731065467901132,
      "root_width_mm": 1.8072134740148447,
      "safety_factor": 8.116647527677618,
      "section_height_mm": 3.153372464062233,
      "stage_id": "compound",
      "tangential_force_n": 76.19047619047619,
      "tooth_count": 48,
      "transmitted_torque_nm": 2.2857142857142856
    },
    {
      "cumulative_mesh_efficiency": 1.0,
      "fillet_radius_mm": 0.27119034277732723,
      "max_von_mises_mpa": 106.97130960503992,
      "member": 1,
      "mesh_element_count": 240,
      "model_version": "involute-tooth-root-plane-stress-v3",
      "pressure_angle_deg": 20.0,
      "radial_force_n": 39.14973948409571,
      "root_width_mm": 1.7920233930258112,
      "safety_factor": 7.47864079587101,
      "section_height_mm": 2.7548223227453086,
      "stage_id": "compound",
      "tangential_force_n": 107.56302521008404,
      "tooth_count": 34,
      "transmitted_torque_nm": 2.2857142857142856
    },
    {
      "cumulative_mesh_efficiency": 1.0,
      "fillet_radius_mm": 0.45630370339355153,
      "max_von_mises_mpa": 95.90489368329591,
      "member": 0,
      "mesh_element_count": 240,
      "model_version": "involute-tooth-root-plane-stress-v3",
      "pressure_angle_deg": 20.0,
      "radial_force_n": 39.14973948409571,
      "root_width_mm": 2.2496451921349423,
      "safety_factor": 8.341597277004633,
      "section_height_mm": 2.7431352487912193,
      "stage_id": "output",
      "tangential_force_n": 107.56302521008404,
      "tooth_count": 29,
      "transmitted_torque_nm": 1.9495798319327733
    }
  ],
  "valid": true
}
