{
  "instance_id": "train-procedural-0006",
  "minimum_safety_factor": 26.175319024775646,
  "report_count": 4,
  "reports": [
    {
      "cumulative_mesh_efficiency": 1.0,
      "fillet_radius_mm": 0.44999999999999996,
      "max_von_mises_mpa": 30.563142296098796,
      "member": 0,
      "mesh_element_count": 240,
      "model_version": "involute-tooth-root-plane-stress-v3",
      "pressure_angle_deg": 20.0,
      "radial_force_n": 10.549861862788473,
      "root_width_mm": 2.1865280781692022,
      "safety_factor": 26.175319024775646,
      "section_height_mm": 3.782213626992508,
      "stage_id": "input",
      "tangential_force_n": 28.985507246376812,
      "tooth_count": 46,
      "transmitted_torque_nm": 1.0
    },
    {
      "cumulative_mesh_efficiency": 1.0,
      "fillet_radius_mm": 0.44999999999999996,
      "max_von_mises_mpa": 28.042001588130695,
      "member": 0,
      "mesh_element_count": 240,
      "model_version": "involute-tooth-root-plane-stress-v3",
      "pressure_angle_deg": 20.0,
      "radial_force_n": 10.549861862788473,
      "root_width_mm": 2.252634363224348,
      "safety_factor": 28.52863400231084,
      "section_height_mm": 3.7564557216650982,
      "stage_id": "compound",
      "tangential_force_n": 28.98550724637681,
      "tooth_count": 41,
      "transmitted_torque_nm": 0.8913043478260869
    },
    {
      "cumulative_mesh_efficiency": 1.0,
      "fillet_radius_mm": 0.2808501208380676,
      "max_von_mises_mpa": 30.528592720654657,
      "member": 1,
      "mesh_element_count": 240,
      "model_version": "involute-tooth-root-plane-stress-v3",
      "pressure_angle_deg": 20.0,
      "radial_force_n": 12.35840961069507,
      "root_width_mm": 2.0402865423091368,
      "safety_factor": 26.204941948036335,
      "section_height_mm": 3.3080536193651326,
      "stage_id": "compound",
      "tangential_force_n": 33.95445134575569,
      "tooth_count": 35,
      "transmitted_torque_nm": 0.8913043478260869
    },
    {
      "cumulative_mesh_efficiency": 1.0,
      "fillet_radius_mm": 0.9418595254198188,
      "max_von_mises_mpa": 16.349569223624503,
      "member": 0,
      "mesh_element_count": 240,
      "model_version": "involute-tooth-root-plane-stress-v3",
      "pressure_angle_deg": 20.0,
      "radial_force_n": 12.35840961069507,
      "root_width_mm": 3.67644094002463,
      "safety_factor": 48.93095280113133,
      "section_height_mm": 3.2452429186502663,
      "stage_id": "output",
      "tangential_force_n": 33.95445134575569,
      "tooth_count": 20,
      "transmitted_torque_nm": 0.5093167701863354
    }
  ],
  "valid": true
}
