{
  "instance_id": "train-procedural-0020",
  "minimum_safety_factor": 20.268895193265955,
  "report_count": 4,
  "reports": [
    {
      "cumulative_mesh_efficiency": 1.0,
      "fillet_radius_mm": 0.7240044470649671,
      "max_von_mises_mpa": 31.02303467421372,
      "member": 0,
      "mesh_element_count": 240,
      "model_version": "involute-tooth-root-plane-stress-v3",
      "pressure_angle_deg": 20.0,
      "radial_force_n": 19.411745827530794,
      "root_width_mm": 3.136253235681558,
      "safety_factor": 25.787290263545955,
      "section_height_mm": 3.275838435642342,
      "stage_id": "input",
      "tangential_force_n": 53.333333333333336,
      "tooth_count": 25,
      "transmitted_torque_nm": 1.0
    },
    {
      "cumulative_mesh_efficiency": 1.0,
      "fillet_radius_mm": 0.503254737149863,
      "max_von_mises_mpa": 39.469344153784384,
      "member": 0,
      "mesh_element_count": 240,
      "model_version": "involute-tooth-root-plane-stress-v3",
      "pressure_angle_deg": 20.0,
      "radial_force_n": 19.411745827530794,
      "root_width_mm": 2.589988462598339,
      "safety_factor": 20.268895193265955,
      "section_height_mm": 3.294992851626297,
      "stage_id": "compound",
      "tangential_force_n": 53.333333333333336,
      "tooth_count": 30,
      "transmitted_torque_nm": 1.2
    },
    {
      "cumulative_mesh_efficiency": 1.0,
      "fillet_radius_mm": 0.44999999999999996,
      "max_von_mises_mpa": 35.934376313869315,
      "member": 1,
      "mesh_element_count": 240,
      "model_version": "involute-tooth-root-plane-stress-v3",
      "pressure_angle_deg": 20.0,
      "radial_force_n": 12.132341142206746,
      "root_width_mm": 2.1686561688178134,
      "safety_factor": 22.262804647349068,
      "section_height_mm": 3.7840469568746755,
      "stage_id": "compound",
      "tangential_force_n": 33.333333333333336,
      "tooth_count": 48,
      "transmitted_torque_nm": 1.2
    },
    {
      "cumulative_mesh_efficiency": 1.0,
      "fillet_radius_mm": 0.7240044470649671,
      "max_von_mises_mpa": 19.38939667138358,
      "member": 0,
      "mesh_element_count": 240,
      "model_version": "involute-tooth-root-plane-stress-v3",
      "pressure_angle_deg": 20.0,
      "radial_force_n": 12.132341142206746,
      "root_width_mm": 3.136253235681558,
      "safety_factor": 41.25966442167352,
      "section_height_mm": 3.275838435642342,
      "stage_id": "output",
      "tangential_force_n": 33.333333333333336,
      "tooth_count": 25,
      "transmitted_torque_nm": 0.625
    }
  ],
  "valid": true
}
