{
  "instance_id": "train-procedural-0066",
  "minimum_safety_factor": 25.68544029837074,
  "report_count": 4,
  "reports": [
    {
      "cumulative_mesh_efficiency": 1.0,
      "fillet_radius_mm": 0.44999999999999996,
      "max_von_mises_mpa": 31.146049696128628,
      "member": 0,
      "mesh_element_count": 240,
      "model_version": "involute-tooth-root-plane-stress-v3",
      "pressure_angle_deg": 20.0,
      "radial_force_n": 11.029401038369768,
      "root_width_mm": 2.207682801421584,
      "safety_factor": 25.68544029837074,
      "section_height_mm": 3.780230846384466,
      "stage_id": "input",
      "tangential_force_n": 30.303030303030305,
      "tooth_count": 44,
      "transmitted_torque_nm": 1.0
    },
    {
      "cumulative_mesh_efficiency": 1.0,
      "fillet_radius_mm": 0.10216242269075693,
      "max_von_mises_mpa": 29.322333071163744,
      "member": 0,
      "mesh_element_count": 240,
      "model_version": "involute-tooth-root-plane-stress-v3",
      "pressure_angle_deg": 20.0,
      "radial_force_n": 11.029401038369768,
      "root_width_mm": 1.5989497125936079,
      "safety_factor": 27.282958626056207,
      "section_height_mm": 3.3158299449432214,
      "stage_id": "compound",
      "tangential_force_n": 30.303030303030305,
      "tooth_count": 39,
      "transmitted_torque_nm": 0.8863636363636364
    },
    {
      "cumulative_mesh_efficiency": 1.0,
      "fillet_radius_mm": 0.44999999999999996,
      "max_von_mises_mpa": 27.5578506884427,
      "member": 1,
      "mesh_element_count": 240,
      "model_version": "involute-tooth-root-plane-stress-v3",
      "pressure_angle_deg": 20.0,
      "radial_force_n": 10.753666012410525,
      "root_width_mm": 2.2736302780492115,
      "safety_factor": 29.02984013682557,
      "section_height_mm": 3.7100933486223546,
      "stage_id": "compound",
      "tangential_force_n": 29.545454545454547,
      "tooth_count": 40,
      "transmitted_torque_nm": 0.8863636363636364
    },
    {
      "cumulative_mesh_efficiency": 1.0,
      "fillet_radius_mm": 0.45888059840218887,
      "max_von_mises_mpa": 21.6265662022598,
      "member": 0,
      "mesh_element_count": 240,
      "model_version": "involute-tooth-root-plane-stress-v3",
      "pressure_angle_deg": 20.0,
      "radial_force_n": 10.753666012410523,
      "root_width_mm": 2.4802689970635723,
      "safety_factor": 36.99154052095457,
      "section_height_mm": 3.2979876416276745,
      "stage_id": "output",
      "tangential_force_n": 29.545454545454543,
      "tooth_count": 31,
      "transmitted_torque_nm": 0.6869318181818181
    }
  ],
  "valid": true
}
