{
  "instance_id": "train-procedural-0016",
  "minimum_safety_factor": 4.402769074713335,
  "report_count": 4,
  "reports": [
    {
      "cumulative_mesh_efficiency": 1.0,
      "fillet_radius_mm": 0.627906350279881,
      "max_von_mises_mpa": 72.22721282021503,
      "member": 0,
      "mesh_element_count": 240,
      "model_version": "involute-tooth-root-plane-stress-v3",
      "pressure_angle_deg": 20.0,
      "radial_force_n": 36.39702342662024,
      "root_width_mm": 2.4509606266830906,
      "safety_factor": 11.07615770791719,
      "section_height_mm": 2.1634952791001734,
      "stage_id": "input",
      "tangential_force_n": 100.0,
      "tooth_count": 20,
      "transmitted_torque_nm": 1.0
    },
    {
      "cumulative_mesh_efficiency": 1.0,
      "fillet_radius_mm": 0.24664162779106213,
      "max_von_mises_mpa": 113.70417577821419,
      "member": 0,
      "mesh_element_count": 240,
      "model_version": "involute-tooth-root-plane-stress-v3",
      "pressure_angle_deg": 20.0,
      "radial_force_n": 36.39702342662024,
      "root_width_mm": 1.5069855380774293,
      "safety_factor": 7.035801407684805,
      "section_height_mm": 2.202243142216755,
      "stage_id": "compound",
      "tangential_force_n": 100.0,
      "tooth_count": 33,
      "transmitted_torque_nm": 1.65
    },
    {
      "cumulative_mesh_efficiency": 1.0,
      "fillet_radius_mm": 0.3945352138143523,
      "max_von_mises_mpa": 122.40668081074642,
      "member": 1,
      "mesh_element_count": 240,
      "model_version": "involute-tooth-root-plane-stress-v3",
      "pressure_angle_deg": 20.0,
      "radial_force_n": 42.896491895659565,
      "root_width_mm": 1.8726744853071688,
      "safety_factor": 6.535590988182124,
      "section_height_mm": 2.192178396255148,
      "stage_id": "compound",
      "tangential_force_n": 117.85714285714286,
      "tooth_count": 28,
      "transmitted_torque_nm": 1.65
    },
    {
      "cumulative_mesh_efficiency": 1.0,
      "fillet_radius_mm": 0.3,
      "max_von_mises_mpa": 181.70382920936822,
      "member": 0,
      "mesh_element_count": 240,
      "model_version": "involute-tooth-root-plane-stress-v3",
      "pressure_angle_deg": 20.0,
      "radial_force_n": 42.896491895659565,
      "root_width_mm": 1.471788534281056,
      "safety_factor": 4.402769074713335,
      "section_height_mm": 2.520153897589644,
      "stage_id": "output",
      "tangential_force_n": 117.85714285714288,
      "tooth_count": 44,
      "transmitted_torque_nm": 2.592857142857143
    }
  ],
  "valid": true
}
