{
  "instance_id": "train-procedural-0017",
  "minimum_safety_factor": 16.219846314452848,
  "report_count": 4,
  "reports": [
    {
      "cumulative_mesh_efficiency": 1.0,
      "fillet_radius_mm": 0.23404176736505633,
      "max_von_mises_mpa": 49.322292239424755,
      "member": 0,
      "mesh_element_count": 240,
      "model_version": "involute-tooth-root-plane-stress-v3",
      "pressure_angle_deg": 20.0,
      "radial_force_n": 16.63863928074068,
      "root_width_mm": 1.700238785257614,
      "safety_factor": 16.219846314452848,
      "section_height_mm": 2.756711349470944,
      "stage_id": "input",
      "tangential_force_n": 45.714285714285715,
      "tooth_count": 35,
      "transmitted_torque_nm": 1.0
    },
    {
      "cumulative_mesh_efficiency": 1.0,
      "fillet_radius_mm": 0.15964592324415605,
      "max_von_mises_mpa": 49.28299499089433,
      "member": 0,
      "mesh_element_count": 240,
      "model_version": "involute-tooth-root-plane-stress-v3",
      "pressure_angle_deg": 20.0,
      "radial_force_n": 16.63863928074068,
      "root_width_mm": 1.516466337422462,
      "safety_factor": 16.232779686944966,
      "section_height_mm": 2.7601474315656525,
      "stage_id": "compound",
      "tangential_force_n": 45.714285714285715,
      "tooth_count": 37,
      "transmitted_torque_nm": 1.0571428571428572
    },
    {
      "cumulative_mesh_efficiency": 1.0,
      "fillet_radius_mm": 0.34537338723927036,
      "max_von_mises_mpa": 45.57338309228604,
      "member": 1,
      "mesh_element_count": 240,
      "model_version": "involute-tooth-root-plane-stress-v3",
      "pressure_angle_deg": 20.0,
      "radial_force_n": 19.238426668356407,
      "root_width_mm": 1.9753571321115617,
      "safety_factor": 17.55410605308807,
      "section_height_mm": 2.7506426459723663,
      "stage_id": "compound",
      "tangential_force_n": 52.857142857142854,
      "tooth_count": 32,
      "transmitted_torque_nm": 1.0571428571428572
    },
    {
      "cumulative_mesh_efficiency": 1.0,
      "fillet_radius_mm": 0.8207353209682644,
      "max_von_mises_mpa": 29.06206739178505,
      "member": 0,
      "mesh_element_count": 240,
      "model_version": "involute-tooth-root-plane-stress-v3",
      "pressure_angle_deg": 20.0,
      "radial_force_n": 19.23842666835641,
      "root_width_mm": 3.152763796879679,
      "safety_factor": 27.52729147638462,
      "section_height_mm": 2.6973548666498175,
      "stage_id": "output",
      "tangential_force_n": 52.85714285714286,
      "tooth_count": 19,
      "transmitted_torque_nm": 0.6276785714285714
    }
  ],
  "valid": true
}
