{
  "instance_id": "train-procedural-0057",
  "minimum_safety_factor": 17.567270546022073,
  "report_count": 4,
  "reports": [
    {
      "cumulative_mesh_efficiency": 1.0,
      "fillet_radius_mm": 0.375,
      "max_von_mises_mpa": 45.53923148756605,
      "member": 0,
      "mesh_element_count": 240,
      "model_version": "involute-tooth-root-plane-stress-v3",
      "pressure_angle_deg": 20.0,
      "radial_force_n": 13.865532733950566,
      "root_width_mm": 1.8617432514687648,
      "safety_factor": 17.567270546022073,
      "section_height_mm": 3.148415592265053,
      "stage_id": "input",
      "tangential_force_n": 38.095238095238095,
      "tooth_count": 42,
      "transmitted_torque_nm": 1.0
    },
    {
      "cumulative_mesh_efficiency": 1.0,
      "fillet_radius_mm": 0.6033370392208077,
      "max_von_mises_mpa": 26.5911725778958,
      "member": 0,
      "mesh_element_count": 240,
      "model_version": "involute-tooth-root-plane-stress-v3",
      "pressure_angle_deg": 20.0,
      "radial_force_n": 13.865532733950566,
      "root_width_mm": 2.6135443630679687,
      "safety_factor": 30.08517197413884,
      "section_height_mm": 2.7298653630352874,
      "stage_id": "compound",
      "tangential_force_n": 38.095238095238095,
      "tooth_count": 25,
      "transmitted_torque_nm": 0.5952380952380952
    },
    {
      "cumulative_mesh_efficiency": 1.0,
      "fillet_radius_mm": 0.375,
      "max_von_mises_mpa": 27.10668540926547,
      "member": 1,
      "mesh_element_count": 240,
      "model_version": "involute-tooth-root-plane-stress-v3",
      "pressure_angle_deg": 20.0,
      "radial_force_n": 8.253293294018194,
      "root_width_mm": 1.8617432514687648,
      "safety_factor": 29.51301451731712,
      "section_height_mm": 3.148415592265053,
      "stage_id": "compound",
      "tangential_force_n": 22.675736961451246,
      "tooth_count": 42,
      "transmitted_torque_nm": 0.5952380952380952
    },
    {
      "cumulative_mesh_efficiency": 1.0,
      "fillet_radius_mm": 0.15964592324415605,
      "max_von_mises_mpa": 24.445930055007132,
      "member": 0,
      "mesh_element_count": 240,
      "model_version": "involute-tooth-root-plane-stress-v3",
      "pressure_angle_deg": 20.0,
      "radial_force_n": 8.253293294018194,
      "root_width_mm": 1.516466337422462,
      "safety_factor": 32.72528384888102,
      "section_height_mm": 2.7601474315656525,
      "stage_id": "output",
      "tangential_force_n": 22.67573696145125,
      "tooth_count": 37,
      "transmitted_torque_nm": 0.5243764172335601
    }
  ],
  "valid": true
}
