{
  "instance_id": "train-procedural-0023",
  "minimum_safety_factor": 9.212912842200149,
  "report_count": 4,
  "reports": [
    {
      "cumulative_mesh_efficiency": 1.0,
      "fillet_radius_mm": 0.3,
      "max_von_mises_mpa": 70.65479667582807,
      "member": 0,
      "mesh_element_count": 240,
      "model_version": "involute-tooth-root-plane-stress-v3",
      "pressure_angle_deg": 20.0,
      "radial_force_n": 16.92884810540476,
      "root_width_mm": 1.4800007590138549,
      "safety_factor": 11.32265660136972,
      "section_height_mm": 2.519454810180193,
      "stage_id": "input",
      "tangential_force_n": 46.51162790697674,
      "tooth_count": 43,
      "transmitted_torque_nm": 1.0
    },
    {
      "cumulative_mesh_efficiency": 1.0,
      "fillet_radius_mm": 0.12771673859532484,
      "max_von_mises_mpa": 62.67822764102925,
      "member": 0,
      "mesh_element_count": 240,
      "model_version": "involute-tooth-root-plane-stress-v3",
      "pressure_angle_deg": 20.0,
      "radial_force_n": 16.92884810540476,
      "root_width_mm": 1.2131730699379697,
      "safety_factor": 12.763602770993462,
      "section_height_mm": 2.208117945252525,
      "stage_id": "compound",
      "tangential_force_n": 46.51162790697675,
      "tooth_count": 37,
      "transmitted_torque_nm": 0.8604651162790699
    },
    {
      "cumulative_mesh_efficiency": 1.0,
      "fillet_radius_mm": 0.5701273376553893,
      "max_von_mises_mpa": 66.05635596731977,
      "member": 1,
      "mesh_element_count": 240,
      "model_version": "involute-tooth-root-plane-stress-v3",
      "pressure_angle_deg": 20.0,
      "radial_force_n": 28.47124454090801,
      "root_width_mm": 2.3075773269817765,
      "safety_factor": 12.110870911434866,
      "section_height_mm": 2.172949533048037,
      "stage_id": "compound",
      "tangential_force_n": 78.22410147991545,
      "tooth_count": 22,
      "transmitted_torque_nm": 0.8604651162790699
    },
    {
      "cumulative_mesh_efficiency": 1.0,
      "fillet_radius_mm": 0.3355031580999075,
      "max_von_mises_mpa": 86.83464325588375,
      "member": 0,
      "mesh_element_count": 240,
      "model_version": "involute-tooth-root-plane-stress-v3",
      "pressure_angle_deg": 20.0,
      "radial_force_n": 28.47124454090801,
      "root_width_mm": 1.726658975065557,
      "safety_factor": 9.212912842200149,
      "section_height_mm": 2.1966619010841963,
      "stage_id": "output",
      "tangential_force_n": 78.22410147991545,
      "tooth_count": 30,
      "transmitted_torque_nm": 1.1733615221987317
    }
  ],
  "valid": true
}
