{
  "instance_id": "train-procedural-0030",
  "minimum_safety_factor": 5.650599005287726,
  "report_count": 4,
  "reports": [
    {
      "cumulative_mesh_efficiency": 1.0,
      "fillet_radius_mm": 0.5701273376553893,
      "max_von_mises_mpa": 76.7681974755338,
      "member": 0,
      "mesh_element_count": 240,
      "model_version": "involute-tooth-root-plane-stress-v3",
      "pressure_angle_deg": 20.0,
      "radial_force_n": 33.0882031151093,
      "root_width_mm": 2.3075773269817765,
      "safety_factor": 10.420981947048606,
      "section_height_mm": 2.172949533048037,
      "stage_id": "input",
      "tangential_force_n": 90.9090909090909,
      "tooth_count": 22,
      "transmitted_torque_nm": 1.0
    },
    {
      "cumulative_mesh_efficiency": 1.0,
      "fillet_radius_mm": 0.3,
      "max_von_mises_mpa": 140.1572236325707,
      "member": 0,
      "mesh_element_count": 240,
      "model_version": "involute-tooth-root-plane-stress-v3",
      "pressure_angle_deg": 20.0,
      "radial_force_n": 33.0882031151093,
      "root_width_mm": 1.471788534281056,
      "safety_factor": 5.707875621860496,
      "section_height_mm": 2.520153897589644,
      "stage_id": "compound",
      "tangential_force_n": 90.9090909090909,
      "tooth_count": 44,
      "transmitted_torque_nm": 2.0
    },
    {
      "cumulative_mesh_efficiency": 1.0,
      "fillet_radius_mm": 0.3,
      "max_von_mises_mpa": 141.57791045717008,
      "member": 1,
      "mesh_element_count": 240,
      "model_version": "involute-tooth-root-plane-stress-v3",
      "pressure_angle_deg": 20.0,
      "radial_force_n": 35.50929114792218,
      "root_width_mm": 1.5017562421495654,
      "safety_factor": 5.650599005287726,
      "section_height_mm": 2.5043038144434,
      "stage_id": "compound",
      "tangential_force_n": 97.5609756097561,
      "tooth_count": 41,
      "transmitted_torque_nm": 2.0
    },
    {
      "cumulative_mesh_efficiency": 1.0,
      "fillet_radius_mm": 0.3,
      "max_von_mises_mpa": 136.49667132737378,
      "member": 0,
      "mesh_element_count": 240,
      "model_version": "involute-tooth-root-plane-stress-v3",
      "pressure_angle_deg": 20.0,
      "radial_force_n": 35.509291147922184,
      "root_width_mm": 1.5157535186994744,
      "safety_factor": 5.8609487851998905,
      "section_height_mm": 2.4733955657482376,
      "stage_id": "output",
      "tangential_force_n": 97.56097560975611,
      "tooth_count": 40,
      "transmitted_torque_nm": 1.9512195121951221
    }
  ],
  "valid": true
}
