{
  "instance_id": "train-procedural-0003",
  "minimum_safety_factor": 24.710928620583775,
  "report_count": 4,
  "reports": [
    {
      "cumulative_mesh_efficiency": 1.0,
      "fillet_radius_mm": 0.9418595254198188,
      "max_von_mises_mpa": 32.10098347565302,
      "member": 0,
      "mesh_element_count": 240,
      "model_version": "involute-tooth-root-plane-stress-v3",
      "pressure_angle_deg": 20.0,
      "radial_force_n": 24.264682284413492,
      "root_width_mm": 3.67644094002463,
      "safety_factor": 24.92135484281221,
      "section_height_mm": 3.2452429186502663,
      "stage_id": "input",
      "tangential_force_n": 66.66666666666667,
      "tooth_count": 20,
      "transmitted_torque_nm": 1.0
    },
    {
      "cumulative_mesh_efficiency": 1.0,
      "fillet_radius_mm": 0.9418595254198188,
      "max_von_mises_mpa": 32.10098347565302,
      "member": 0,
      "mesh_element_count": 240,
      "model_version": "involute-tooth-root-plane-stress-v3",
      "pressure_angle_deg": 20.0,
      "radial_force_n": 24.264682284413492,
      "root_width_mm": 3.67644094002463,
      "safety_factor": 24.92135484281221,
      "section_height_mm": 3.2452429186502663,
      "stage_id": "compound",
      "tangential_force_n": 66.66666666666667,
      "tooth_count": 20,
      "transmitted_torque_nm": 1.0
    },
    {
      "cumulative_mesh_efficiency": 1.0,
      "fillet_radius_mm": 0.19157510789298726,
      "max_von_mises_mpa": 32.37433980257682,
      "member": 1,
      "mesh_element_count": 240,
      "model_version": "involute-tooth-root-plane-stress-v3",
      "pressure_angle_deg": 20.0,
      "radial_force_n": 13.116044478061346,
      "root_width_mm": 1.8197596049069544,
      "safety_factor": 24.710928620583775,
      "section_height_mm": 3.31217691787878,
      "stage_id": "compound",
      "tangential_force_n": 36.03603603603604,
      "tooth_count": 37,
      "transmitted_torque_nm": 1.0
    },
    {
      "cumulative_mesh_efficiency": 1.0,
      "fillet_radius_mm": 0.1468846162280144,
      "max_von_mises_mpa": 31.90386712700966,
      "member": 0,
      "mesh_element_count": 240,
      "model_version": "involute-tooth-root-plane-stress-v3",
      "pressure_angle_deg": 20.0,
      "radial_force_n": 13.116044478061344,
      "root_width_mm": 1.7093871993789755,
      "safety_factor": 25.07533011014592,
      "section_height_mm": 3.3140571092785684,
      "stage_id": "output",
      "tangential_force_n": 36.03603603603603,
      "tooth_count": 38,
      "transmitted_torque_nm": 1.027027027027027
    }
  ],
  "valid": true
}
