{
  "instance_id": "train-procedural-0053",
  "minimum_safety_factor": 7.500336058280876,
  "report_count": 4,
  "reports": [
    {
      "cumulative_mesh_efficiency": 1.0,
      "fillet_radius_mm": 0.3945352138143523,
      "max_von_mises_mpa": 74.18586715802815,
      "member": 0,
      "mesh_element_count": 240,
      "model_version": "involute-tooth-root-plane-stress-v3",
      "pressure_angle_deg": 20.0,
      "radial_force_n": 25.99787387615731,
      "root_width_mm": 1.8726744853071688,
      "safety_factor": 10.783725130500503,
      "section_height_mm": 2.192178396255148,
      "stage_id": "input",
      "tangential_force_n": 71.42857142857143,
      "tooth_count": 28,
      "transmitted_torque_nm": 1.0
    },
    {
      "cumulative_mesh_efficiency": 1.0,
      "fillet_radius_mm": 0.3,
      "max_von_mises_mpa": 103.65525587042801,
      "member": 0,
      "mesh_element_count": 240,
      "model_version": "involute-tooth-root-plane-stress-v3",
      "pressure_angle_deg": 20.0,
      "radial_force_n": 25.99787387615731,
      "root_width_mm": 1.5017562421495654,
      "safety_factor": 7.7178913242954374,
      "section_height_mm": 2.5043038144434,
      "stage_id": "compound",
      "tangential_force_n": 71.42857142857143,
      "tooth_count": 41,
      "transmitted_torque_nm": 1.4642857142857142
    },
    {
      "cumulative_mesh_efficiency": 1.0,
      "fillet_radius_mm": 0.12771673859532484,
      "max_von_mises_mpa": 106.66188738526537,
      "member": 1,
      "mesh_element_count": 240,
      "model_version": "involute-tooth-root-plane-stress-v3",
      "pressure_angle_deg": 20.0,
      "radial_force_n": 28.808454835741884,
      "root_width_mm": 1.2131730699379697,
      "safety_factor": 7.500336058280876,
      "section_height_mm": 2.208117945252525,
      "stage_id": "compound",
      "tangential_force_n": 79.15057915057915,
      "tooth_count": 37,
      "transmitted_torque_nm": 1.4642857142857142
    },
    {
      "cumulative_mesh_efficiency": 1.0,
      "fillet_radius_mm": 0.3945352138143523,
      "max_von_mises_mpa": 82.205960904842,
      "member": 0,
      "mesh_element_count": 240,
      "model_version": "involute-tooth-root-plane-stress-v3",
      "pressure_angle_deg": 20.0,
      "radial_force_n": 28.808454835741884,
      "root_width_mm": 1.8726744853071688,
      "safety_factor": 9.731654386061429,
      "section_height_mm": 2.192178396255148,
      "stage_id": "output",
      "tangential_force_n": 79.15057915057915,
      "tooth_count": 28,
      "transmitted_torque_nm": 1.1081081081081081
    }
  ],
  "valid": true
}
