{
  "instance_id": "train-procedural-0008",
  "minimum_safety_factor": 25.296869586265935,
  "report_count": 4,
  "reports": [
    {
      "cumulative_mesh_efficiency": 1.0,
      "fillet_radius_mm": 0.44999999999999996,
      "max_von_mises_mpa": 31.62446631081707,
      "member": 0,
      "mesh_element_count": 240,
      "model_version": "involute-tooth-root-plane-stress-v3",
      "pressure_angle_deg": 20.0,
      "radial_force_n": 11.554610611625472,
      "root_width_mm": 2.234091901762518,
      "safety_factor": 25.296869586265935,
      "section_height_mm": 3.778098710718062,
      "stage_id": "input",
      "tangential_force_n": 31.746031746031747,
      "tooth_count": 42,
      "transmitted_torque_nm": 1.0
    },
    {
      "cumulative_mesh_efficiency": 1.0,
      "fillet_radius_mm": 0.8551910064830857,
      "max_von_mises_mpa": 17.87196131705635,
      "member": 0,
      "mesh_element_count": 240,
      "model_version": "involute-tooth-root-plane-stress-v3",
      "pressure_angle_deg": 20.0,
      "radial_force_n": 11.554610611625472,
      "root_width_mm": 3.461365990472668,
      "safety_factor": 44.76285427254753,
      "section_height_mm": 3.259424299572057,
      "stage_id": "compound",
      "tangential_force_n": 31.746031746031747,
      "tooth_count": 22,
      "transmitted_torque_nm": 0.5238095238095238
    },
    {
      "cumulative_mesh_efficiency": 1.0,
      "fillet_radius_mm": 0.44999999999999996,
      "max_von_mises_mpa": 16.314597459876925,
      "member": 1,
      "mesh_element_count": 240,
      "model_version": "involute-tooth-root-plane-stress-v3",
      "pressure_angle_deg": 20.0,
      "radial_force_n": 5.777305305812736,
      "root_width_mm": 2.207682801421584,
      "safety_factor": 49.035840569616795,
      "section_height_mm": 3.780230846384466,
      "stage_id": "compound",
      "tangential_force_n": 15.873015873015873,
      "tooth_count": 44,
      "transmitted_torque_nm": 0.5238095238095238
    },
    {
      "cumulative_mesh_efficiency": 1.0,
      "fillet_radius_mm": 0.5475644440722611,
      "max_von_mises_mpa": 11.793859900290423,
      "member": 0,
      "mesh_element_count": 240,
      "model_version": "involute-tooth-root-plane-stress-v3",
      "pressure_angle_deg": 20.0,
      "radial_force_n": 5.777305305812736,
      "root_width_mm": 2.6995742305619292,
      "safety_factor": 67.83190632782572,
      "section_height_mm": 3.291762298549461,
      "stage_id": "output",
      "tangential_force_n": 15.873015873015873,
      "tooth_count": 29,
      "transmitted_torque_nm": 0.34523809523809523
    }
  ],
  "valid": true
}
