{
  "instance_id": "train-procedural-0042",
  "minimum_safety_factor": 6.435341968372975,
  "report_count": 4,
  "reports": [
    {
      "cumulative_mesh_efficiency": 1.0,
      "fillet_radius_mm": 0.15964592324415605,
      "max_von_mises_mpa": 46.61904931571079,
      "member": 0,
      "mesh_element_count": 240,
      "model_version": "involute-tooth-root-plane-stress-v3",
      "pressure_angle_deg": 20.0,
      "radial_force_n": 15.739253373673614,
      "root_width_mm": 1.516466337422462,
      "safety_factor": 17.16036709762756,
      "section_height_mm": 2.7601474315656525,
      "stage_id": "input",
      "tangential_force_n": 43.24324324324324,
      "tooth_count": 37,
      "transmitted_torque_nm": 1.0
    },
    {
      "cumulative_mesh_efficiency": 1.0,
      "fillet_radius_mm": 0.375,
      "max_von_mises_mpa": 48.400981832828364,
      "member": 0,
      "mesh_element_count": 240,
      "model_version": "involute-tooth-root-plane-stress-v3",
      "pressure_angle_deg": 20.0,
      "radial_force_n": 15.73925337367361,
      "root_width_mm": 1.894691898374343,
      "safety_factor": 16.528590324120106,
      "section_height_mm": 3.091744457185296,
      "stage_id": "compound",
      "tangential_force_n": 43.243243243243235,
      "tooth_count": 40,
      "transmitted_torque_nm": 1.081081081081081
    },
    {
      "cumulative_mesh_efficiency": 1.0,
      "fillet_radius_mm": 0.8563763326825118,
      "max_von_mises_mpa": 54.00794948811492,
      "member": 1,
      "mesh_element_count": 240,
      "model_version": "involute-tooth-root-plane-stress-v3",
      "pressure_angle_deg": 20.0,
      "radial_force_n": 34.97611860816358,
      "root_width_mm": 3.2413753097353415,
      "safety_factor": 14.812634206304192,
      "section_height_mm": 2.6894142313934317,
      "stage_id": "compound",
      "tangential_force_n": 96.09609609609608,
      "tooth_count": 18,
      "transmitted_torque_nm": 1.081081081081081
    },
    {
      "cumulative_mesh_efficiency": 1.0,
      "fillet_radius_mm": 0.375,
      "max_von_mises_mpa": 124.31351805881751,
      "member": 0,
      "mesh_element_count": 240,
      "model_version": "involute-tooth-root-plane-stress-v3",
      "pressure_angle_deg": 20.0,
      "radial_force_n": 34.97611860816358,
      "root_width_mm": 1.8072134740148447,
      "safety_factor": 6.435341968372975,
      "section_height_mm": 3.153372464062233,
      "stage_id": "output",
      "tangential_force_n": 96.09609609609608,
      "tooth_count": 48,
      "transmitted_torque_nm": 2.8828828828828823
    }
  ],
  "valid": true
}
