{
  "instance_id": "train-procedural-0074",
  "minimum_safety_factor": 4.646781094953378,
  "report_count": 4,
  "reports": [
    {
      "cumulative_mesh_efficiency": 1.0,
      "fillet_radius_mm": 0.5119099085510701,
      "max_von_mises_mpa": 73.88308743039737,
      "member": 0,
      "mesh_element_count": 240,
      "model_version": "involute-tooth-root-plane-stress-v3",
      "pressure_angle_deg": 20.0,
      "radial_force_n": 30.33085285551686,
      "root_width_mm": 2.163267255548777,
      "safety_factor": 10.82791783374851,
      "section_height_mm": 2.1805955700354804,
      "stage_id": "input",
      "tangential_force_n": 83.33333333333333,
      "tooth_count": 24,
      "transmitted_torque_nm": 1.0
    },
    {
      "cumulative_mesh_efficiency": 1.0,
      "fillet_radius_mm": 0.21695227422186036,
      "max_von_mises_mpa": 103.59363479003099,
      "member": 0,
      "mesh_element_count": 240,
      "model_version": "involute-tooth-root-plane-stress-v3",
      "pressure_angle_deg": 20.0,
      "radial_force_n": 30.33085285551686,
      "root_width_mm": 1.433618714420646,
      "safety_factor": 7.72248219324944,
      "section_height_mm": 2.2038578581962476,
      "stage_id": "compound",
      "tangential_force_n": 83.33333333333333,
      "tooth_count": 34,
      "transmitted_torque_nm": 1.4166666666666665
    },
    {
      "cumulative_mesh_efficiency": 1.0,
      "fillet_radius_mm": 0.48266963137664654,
      "max_von_mises_mpa": 98.88592302404547,
      "member": 1,
      "mesh_element_count": 240,
      "model_version": "involute-tooth-root-plane-stress-v3",
      "pressure_angle_deg": 20.0,
      "radial_force_n": 41.249959883502925,
      "root_width_mm": 2.0908354904543756,
      "safety_factor": 8.090130278760396,
      "section_height_mm": 2.183892290428231,
      "stage_id": "compound",
      "tangential_force_n": 113.33333333333331,
      "tooth_count": 25,
      "transmitted_torque_nm": 1.4166666666666665
    },
    {
      "cumulative_mesh_efficiency": 1.0,
      "fillet_radius_mm": 0.3,
      "max_von_mises_mpa": 172.1621879001009,
      "member": 0,
      "mesh_element_count": 240,
      "model_version": "involute-tooth-root-plane-stress-v3",
      "pressure_angle_deg": 20.0,
      "radial_force_n": 41.24995988350293,
      "root_width_mm": 1.4800007590138549,
      "safety_factor": 4.646781094953378,
      "section_height_mm": 2.519454810180193,
      "stage_id": "output",
      "tangential_force_n": 113.33333333333333,
      "tooth_count": 43,
      "transmitted_torque_nm": 2.4366666666666665
    }
  ],
  "valid": true
}
