{
  "instance_id": "train-procedural-0002",
  "minimum_safety_factor": 11.461017894910556,
  "report_count": 4,
  "reports": [
    {
      "cumulative_mesh_efficiency": 1.0,
      "fillet_radius_mm": 0.48266963137664654,
      "max_von_mises_mpa": 69.8018280169733,
      "member": 0,
      "mesh_element_count": 240,
      "model_version": "involute-tooth-root-plane-stress-v3",
      "pressure_angle_deg": 20.0,
      "radial_force_n": 29.117618741296187,
      "root_width_mm": 2.0908354904543756,
      "safety_factor": 11.461017894910556,
      "section_height_mm": 2.183892290428231,
      "stage_id": "input",
      "tangential_force_n": 80.0,
      "tooth_count": 25,
      "transmitted_torque_nm": 1.0
    },
    {
      "cumulative_mesh_efficiency": 1.0,
      "fillet_radius_mm": 0.48266963137664654,
      "max_von_mises_mpa": 69.8018280169733,
      "member": 0,
      "mesh_element_count": 240,
      "model_version": "involute-tooth-root-plane-stress-v3",
      "pressure_angle_deg": 20.0,
      "radial_force_n": 29.117618741296187,
      "root_width_mm": 2.0908354904543756,
      "safety_factor": 11.461017894910556,
      "section_height_mm": 2.183892290428231,
      "stage_id": "compound",
      "tangential_force_n": 80.0,
      "tooth_count": 25,
      "transmitted_torque_nm": 1.0
    },
    {
      "cumulative_mesh_efficiency": 1.0,
      "fillet_radius_mm": 0.3,
      "max_von_mises_mpa": 68.07824854961834,
      "member": 1,
      "mesh_element_count": 240,
      "model_version": "involute-tooth-root-plane-stress-v3",
      "pressure_angle_deg": 20.0,
      "radial_force_n": 15.488095075157545,
      "root_width_mm": 1.4514996056746,
      "safety_factor": 11.751183631243478,
      "section_height_mm": 2.522098927161938,
      "stage_id": "compound",
      "tangential_force_n": 42.5531914893617,
      "tooth_count": 47,
      "transmitted_torque_nm": 1.0
    },
    {
      "cumulative_mesh_efficiency": 1.0,
      "fillet_radius_mm": 0.3945352138143523,
      "max_von_mises_mpa": 44.195835753718875,
      "member": 0,
      "mesh_element_count": 240,
      "model_version": "involute-tooth-root-plane-stress-v3",
      "pressure_angle_deg": 20.0,
      "radial_force_n": 15.488095075157545,
      "root_width_mm": 1.8726744853071688,
      "safety_factor": 18.10125289762585,
      "section_height_mm": 2.192178396255148,
      "stage_id": "output",
      "tangential_force_n": 42.5531914893617,
      "tooth_count": 28,
      "transmitted_torque_nm": 0.5957446808510638
    }
  ],
  "valid": true
}
