{
  "instance_id": "train-procedural-0067",
  "minimum_safety_factor": 46.53390048848149,
  "report_count": 4,
  "reports": [
    {
      "cumulative_mesh_efficiency": 1.0,
      "fillet_radius_mm": 0.6,
      "max_von_mises_mpa": 17.19176754155873,
      "member": 0,
      "mesh_element_count": 240,
      "model_version": "involute-tooth-root-plane-stress-v3",
      "pressure_angle_deg": 20.0,
      "radial_force_n": 7.912396397091356,
      "root_width_mm": 2.91537077089227,
      "safety_factor": 46.53390048848149,
      "section_height_mm": 5.0429515026566705,
      "stage_id": "input",
      "tangential_force_n": 21.73913043478261,
      "tooth_count": 46,
      "transmitted_torque_nm": 1.0
    },
    {
      "cumulative_mesh_efficiency": 1.0,
      "fillet_radius_mm": 1.3702021322920181,
      "max_von_mises_mpa": 7.636144352727027,
      "member": 0,
      "mesh_element_count": 240,
      "model_version": "involute-tooth-root-plane-stress-v3",
      "pressure_angle_deg": 20.0,
      "radial_force_n": 7.912396397091356,
      "root_width_mm": 5.186200495576545,
      "safety_factor": 104.76491316122164,
      "section_height_mm": 4.303062770229488,
      "stage_id": "compound",
      "tangential_force_n": 21.73913043478261,
      "tooth_count": 18,
      "transmitted_torque_nm": 0.391304347826087
    },
    {
      "cumulative_mesh_efficiency": 1.0,
      "fillet_radius_mm": 0.6,
      "max_von_mises_mpa": 6.792971813715547,
      "member": 1,
      "mesh_element_count": 240,
      "model_version": "involute-tooth-root-plane-stress-v3",
      "pressure_angle_deg": 20.0,
      "radial_force_n": 3.1649585588365428,
      "root_width_mm": 2.928819907197683,
      "safety_factor": 117.76877954722802,
      "section_height_mm": 5.041655184527713,
      "stage_id": "compound",
      "tangential_force_n": 8.695652173913045,
      "tooth_count": 45,
      "transmitted_torque_nm": 0.391304347826087
    },
    {
      "cumulative_mesh_efficiency": 1.0,
      "fillet_radius_mm": 0.6,
      "max_von_mises_mpa": 6.604687515349132,
      "member": 0,
      "mesh_element_count": 240,
      "model_version": "involute-tooth-root-plane-stress-v3",
      "pressure_angle_deg": 20.0,
      "radial_force_n": 3.164958558836542,
      "root_width_mm": 2.9600015180277097,
      "safety_factor": 121.12609387511819,
      "section_height_mm": 5.038909620360386,
      "stage_id": "output",
      "tangential_force_n": 8.695652173913043,
      "tooth_count": 43,
      "transmitted_torque_nm": 0.3739130434782609
    }
  ],
  "valid": true
}
