{
  "instance_id": "train-procedural-0055",
  "minimum_safety_factor": 8.082370594964214,
  "report_count": 4,
  "reports": [
    {
      "cumulative_mesh_efficiency": 1.0,
      "fillet_radius_mm": 0.784882937849849,
      "max_von_mises_mpa": 46.22541620494221,
      "member": 0,
      "mesh_element_count": 240,
      "model_version": "involute-tooth-root-plane-stress-v3",
      "pressure_angle_deg": 20.0,
      "radial_force_n": 29.117618741296187,
      "root_width_mm": 3.063700783353859,
      "safety_factor": 17.306496418618888,
      "section_height_mm": 2.7043690988752154,
      "stage_id": "input",
      "tangential_force_n": 80.0,
      "tooth_count": 20,
      "transmitted_torque_nm": 1.0
    },
    {
      "cumulative_mesh_efficiency": 1.0,
      "fillet_radius_mm": 0.375,
      "max_von_mises_mpa": 92.87510925992348,
      "member": 0,
      "mesh_element_count": 240,
      "model_version": "involute-tooth-root-plane-stress-v3",
      "pressure_angle_deg": 20.0,
      "radial_force_n": 29.11761874129619,
      "root_width_mm": 1.8771953026869568,
      "safety_factor": 8.61371799586359,
      "section_height_mm": 3.1303797680542544,
      "stage_id": "compound",
      "tangential_force_n": 80.00000000000001,
      "tooth_count": 41,
      "transmitted_torque_nm": 2.0500000000000003
    },
    {
      "cumulative_mesh_efficiency": 1.0,
      "fillet_radius_mm": 0.19685938075122067,
      "max_von_mises_mpa": 98.9808609491931,
      "member": 1,
      "mesh_element_count": 240,
      "model_version": "involute-tooth-root-plane-stress-v3",
      "pressure_angle_deg": 20.0,
      "radial_force_n": 33.16173245536511,
      "root_width_mm": 1.6083845258083798,
      "safety_factor": 8.082370594964214,
      "section_height_mm": 2.7584828906895105,
      "stage_id": "compound",
      "tangential_force_n": 91.11111111111113,
      "tooth_count": 36,
      "transmitted_torque_nm": 2.0500000000000003
    },
    {
      "cumulative_mesh_efficiency": 1.0,
      "fillet_radius_mm": 0.15964592324415605,
      "max_von_mises_mpa": 98.22374696101832,
      "member": 0,
      "mesh_element_count": 240,
      "model_version": "involute-tooth-root-plane-stress-v3",
      "pressure_angle_deg": 20.0,
      "radial_force_n": 33.1617324553651,
      "root_width_mm": 1.516466337422462,
      "safety_factor": 8.144669947456727,
      "section_height_mm": 2.7601474315656525,
      "stage_id": "output",
      "tangential_force_n": 91.1111111111111,
      "tooth_count": 37,
      "transmitted_torque_nm": 2.1069444444444443
    }
  ],
  "valid": true
}
