{
  "instance_id": "train-procedural-0033",
  "minimum_safety_factor": 24.182622418549816,
  "report_count": 4,
  "reports": [
    {
      "cumulative_mesh_efficiency": 1.0,
      "fillet_radius_mm": 0.10216242269075693,
      "max_von_mises_mpa": 33.081606541825764,
      "member": 0,
      "mesh_element_count": 240,
      "model_version": "involute-tooth-root-plane-stress-v3",
      "pressure_angle_deg": 20.0,
      "radial_force_n": 12.443426812519737,
      "root_width_mm": 1.5989497125936079,
      "safety_factor": 24.182622418549816,
      "section_height_mm": 3.3158299449432214,
      "stage_id": "input",
      "tangential_force_n": 34.18803418803419,
      "tooth_count": 39,
      "transmitted_torque_nm": 1.0
    },
    {
      "cumulative_mesh_efficiency": 1.0,
      "fillet_radius_mm": 0.36996244168659587,
      "max_von_mises_mpa": 25.915481658855985,
      "member": 0,
      "mesh_element_count": 240,
      "model_version": "involute-tooth-root-plane-stress-v3",
      "pressure_angle_deg": 20.0,
      "radial_force_n": 12.443426812519737,
      "root_width_mm": 2.2604783071161494,
      "safety_factor": 30.869578676212623,
      "section_height_mm": 3.303364713325127,
      "stage_id": "compound",
      "tangential_force_n": 34.18803418803419,
      "tooth_count": 33,
      "transmitted_torque_nm": 0.8461538461538461
    },
    {
      "cumulative_mesh_efficiency": 1.0,
      "fillet_radius_mm": 0.7240044470649671,
      "max_von_mises_mpa": 26.25026010895007,
      "member": 1,
      "mesh_element_count": 240,
      "model_version": "involute-tooth-root-plane-stress-v3",
      "pressure_angle_deg": 20.0,
      "radial_force_n": 16.425323392526057,
      "root_width_mm": 3.136253235681558,
      "safety_factor": 30.475888493281584,
      "section_height_mm": 3.275838435642342,
      "stage_id": "compound",
      "tangential_force_n": 45.12820512820513,
      "tooth_count": 25,
      "transmitted_torque_nm": 0.8461538461538461
    },
    {
      "cumulative_mesh_efficiency": 1.0,
      "fillet_radius_mm": 0.45888059840218887,
      "max_von_mises_mpa": 33.032766996114376,
      "member": 0,
      "mesh_element_count": 240,
      "model_version": "involute-tooth-root-plane-stress-v3",
      "pressure_angle_deg": 20.0,
      "radial_force_n": 16.425323392526057,
      "root_width_mm": 2.4802689970635723,
      "safety_factor": 24.218376864829505,
      "section_height_mm": 3.2979876416276745,
      "stage_id": "output",
      "tangential_force_n": 45.12820512820513,
      "tooth_count": 31,
      "transmitted_torque_nm": 1.0492307692307692
    }
  ],
  "valid": true
}
