{
  "instance_id": "train-procedural-0011",
  "minimum_safety_factor": 16.56885971967663,
  "report_count": 4,
  "reports": [
    {
      "cumulative_mesh_efficiency": 1.0,
      "fillet_radius_mm": 0.19685938075122067,
      "max_von_mises_mpa": 48.28334680448447,
      "member": 0,
      "mesh_element_count": 240,
      "model_version": "involute-tooth-root-plane-stress-v3",
      "pressure_angle_deg": 20.0,
      "radial_force_n": 16.176454856275658,
      "root_width_mm": 1.6083845258083798,
      "safety_factor": 16.56885971967663,
      "section_height_mm": 2.7584828906895105,
      "stage_id": "input",
      "tangential_force_n": 44.44444444444444,
      "tooth_count": 36,
      "transmitted_torque_nm": 1.0
    },
    {
      "cumulative_mesh_efficiency": 1.0,
      "fillet_radius_mm": 0.5666939071970472,
      "max_von_mises_mpa": 31.204535880991457,
      "member": 0,
      "mesh_element_count": 240,
      "model_version": "involute-tooth-root-plane-stress-v3",
      "pressure_angle_deg": 20.0,
      "radial_force_n": 16.176454856275658,
      "root_width_mm": 2.522810172332858,
      "safety_factor": 25.637298470038377,
      "section_height_mm": 2.7336231966223856,
      "stage_id": "compound",
      "tangential_force_n": 44.44444444444444,
      "tooth_count": 26,
      "transmitted_torque_nm": 0.7222222222222222
    },
    {
      "cumulative_mesh_efficiency": 1.0,
      "fillet_radius_mm": 0.375,
      "max_von_mises_mpa": 32.65821713015841,
      "member": 1,
      "mesh_element_count": 240,
      "model_version": "involute-tooth-root-plane-stress-v3",
      "pressure_angle_deg": 20.0,
      "radial_force_n": 9.781112238678304,
      "root_width_mm": 1.8500009487673188,
      "safety_factor": 24.496132070272616,
      "section_height_mm": 3.149318512725248,
      "stage_id": "compound",
      "tangential_force_n": 26.873385012919893,
      "tooth_count": 43,
      "transmitted_torque_nm": 0.7222222222222222
    },
    {
      "cumulative_mesh_efficiency": 1.0,
      "fillet_radius_mm": 0.6033370392208077,
      "max_von_mises_mpa": 18.758113989058288,
      "member": 0,
      "mesh_element_count": 240,
      "model_version": "involute-tooth-root-plane-stress-v3",
      "pressure_angle_deg": 20.0,
      "radial_force_n": 9.781112238678306,
      "root_width_mm": 2.6135443630679687,
      "safety_factor": 42.64821082048251,
      "section_height_mm": 2.7298653630352874,
      "stage_id": "output",
      "tangential_force_n": 26.873385012919897,
      "tooth_count": 25,
      "transmitted_torque_nm": 0.4198966408268734
    }
  ],
  "valid": true
}
