{
  "instance_id": "train-procedural-0029",
  "minimum_safety_factor": 7.513906668319054,
  "report_count": 4,
  "reports": [
    {
      "cumulative_mesh_efficiency": 1.0,
      "fillet_radius_mm": 0.6398873856888372,
      "max_von_mises_mpa": 47.285175955451514,
      "member": 0,
      "mesh_element_count": 240,
      "model_version": "involute-tooth-root-plane-stress-v3",
      "pressure_angle_deg": 20.0,
      "radial_force_n": 24.264682284413492,
      "root_width_mm": 2.7040840694359707,
      "safety_factor": 16.91862161523305,
      "section_height_mm": 2.725744462544352,
      "stage_id": "input",
      "tangential_force_n": 66.66666666666667,
      "tooth_count": 24,
      "transmitted_torque_nm": 1.0
    },
    {
      "cumulative_mesh_efficiency": 1.0,
      "fillet_radius_mm": 0.375,
      "max_von_mises_mpa": 74.61818032561033,
      "member": 0,
      "mesh_element_count": 240,
      "model_version": "involute-tooth-root-plane-stress-v3",
      "pressure_angle_deg": 20.0,
      "radial_force_n": 24.264682284413492,
      "root_width_mm": 1.894691898374343,
      "safety_factor": 10.721247777807648,
      "section_height_mm": 3.091744457185296,
      "stage_id": "compound",
      "tangential_force_n": 66.66666666666667,
      "tooth_count": 40,
      "transmitted_torque_nm": 1.6666666666666667
    },
    {
      "cumulative_mesh_efficiency": 1.0,
      "fillet_radius_mm": 0.7126591720692375,
      "max_von_mises_mpa": 81.88607730723747,
      "member": 1,
      "mesh_element_count": 240,
      "model_version": "involute-tooth-root-plane-stress-v3",
      "pressure_angle_deg": 20.0,
      "radial_force_n": 44.11760415347907,
      "root_width_mm": 2.8844716587272226,
      "safety_factor": 9.769670575357898,
      "section_height_mm": 2.716186916310045,
      "stage_id": "compound",
      "tangential_force_n": 121.21212121212122,
      "tooth_count": 22,
      "transmitted_torque_nm": 1.6666666666666667
    },
    {
      "cumulative_mesh_efficiency": 1.0,
      "fillet_radius_mm": 0.3824004986684919,
      "max_von_mises_mpa": 106.46924899573834,
      "member": 0,
      "mesh_element_count": 240,
      "model_version": "involute-tooth-root-plane-stress-v3",
      "pressure_angle_deg": 20.0,
      "radial_force_n": 44.117604153479064,
      "root_width_mm": 2.0668908308863125,
      "safety_factor": 7.513906668319054,
      "section_height_mm": 2.7483230346897294,
      "stage_id": "output",
      "tangential_force_n": 121.21212121212119,
      "tooth_count": 31,
      "transmitted_torque_nm": 2.348484848484848
    }
  ],
  "valid": true
}
