{
  "instance_id": "train-procedural-0005",
  "minimum_safety_factor": 38.622867406430764,
  "report_count": 4,
  "reports": [
    {
      "cumulative_mesh_efficiency": 1.0,
      "fillet_radius_mm": 0.43390454844372073,
      "max_von_mises_mpa": 18.281229668828974,
      "member": 0,
      "mesh_element_count": 240,
      "model_version": "involute-tooth-root-plane-stress-v3",
      "pressure_angle_deg": 20.0,
      "radial_force_n": 10.705006890182421,
      "root_width_mm": 2.867237428841292,
      "safety_factor": 43.76073242841355,
      "section_height_mm": 4.407715716392495,
      "stage_id": "input",
      "tangential_force_n": 29.41176470588235,
      "tooth_count": 34,
      "transmitted_torque_nm": 1.0
    },
    {
      "cumulative_mesh_efficiency": 1.0,
      "fillet_radius_mm": 0.49328325558212427,
      "max_von_mises_mpa": 16.72120232032564,
      "member": 0,
      "mesh_element_count": 240,
      "model_version": "involute-tooth-root-plane-stress-v3",
      "pressure_angle_deg": 20.0,
      "radial_force_n": 10.705006890182423,
      "root_width_mm": 3.0139710761548586,
      "safety_factor": 47.84344957225661,
      "section_height_mm": 4.40448628443351,
      "stage_id": "compound",
      "tangential_force_n": 29.411764705882355,
      "tooth_count": 33,
      "transmitted_torque_nm": 0.9705882352941176
    },
    {
      "cumulative_mesh_efficiency": 1.0,
      "fillet_radius_mm": 0.43390454844372073,
      "max_von_mises_mpa": 17.743546443275143,
      "member": 1,
      "mesh_element_count": 240,
      "model_version": "involute-tooth-root-plane-stress-v3",
      "pressure_angle_deg": 20.0,
      "radial_force_n": 10.390153746353526,
      "root_width_mm": 2.867237428841292,
      "safety_factor": 45.08681522927466,
      "section_height_mm": 4.407715716392495,
      "stage_id": "compound",
      "tangential_force_n": 28.546712802768166,
      "tooth_count": 34,
      "transmitted_torque_nm": 0.9705882352941176
    },
    {
      "cumulative_mesh_efficiency": 1.0,
      "fillet_radius_mm": 0.6,
      "max_von_mises_mpa": 20.713117738813946,
      "member": 0,
      "mesh_element_count": 240,
      "model_version": "involute-tooth-root-plane-stress-v3",
      "pressure_angle_deg": 20.0,
      "radial_force_n": 10.390153746353528,
      "root_width_mm": 3.0035124842991308,
      "safety_factor": 38.622867406430764,
      "section_height_mm": 5.0086076288868,
      "stage_id": "output",
      "tangential_force_n": 28.54671280276817,
      "tooth_count": 41,
      "transmitted_torque_nm": 1.170415224913495
    }
  ],
  "valid": true
}
