{
  "instance_id": "train-procedural-0083",
  "minimum_safety_factor": 42.99132874408107,
  "report_count": 4,
  "reports": [
    {
      "cumulative_mesh_efficiency": 1.0,
      "fillet_radius_mm": 0.13621656358767353,
      "max_von_mises_mpa": 18.608403679780235,
      "member": 0,
      "mesh_element_count": 240,
      "model_version": "involute-tooth-root-plane-stress-v3",
      "pressure_angle_deg": 20.0,
      "radial_force_n": 9.332570109389804,
      "root_width_mm": 2.1319329501248054,
      "safety_factor": 42.99132874408107,
      "section_height_mm": 4.421106593257626,
      "stage_id": "input",
      "tangential_force_n": 25.641025641025642,
      "tooth_count": 39,
      "transmitted_torque_nm": 1.0
    },
    {
      "cumulative_mesh_efficiency": 1.0,
      "fillet_radius_mm": 0.7300859254296803,
      "max_von_mises_mpa": 14.288714879197403,
      "member": 0,
      "mesh_element_count": 240,
      "model_version": "involute-tooth-root-plane-stress-v3",
      "pressure_angle_deg": 20.0,
      "radial_force_n": 9.332570109389804,
      "root_width_mm": 3.599432307415903,
      "safety_factor": 55.98824014360457,
      "section_height_mm": 4.389016398065962,
      "stage_id": "compound",
      "tangential_force_n": 25.641025641025642,
      "tooth_count": 29,
      "transmitted_torque_nm": 0.7435897435897436
    },
    {
      "cumulative_mesh_efficiency": 1.0,
      "fillet_radius_mm": 0.6,
      "max_von_mises_mpa": 12.525203282480321,
      "member": 1,
      "mesh_element_count": 240,
      "model_version": "involute-tooth-root-plane-stress-v3",
      "pressure_angle_deg": 20.0,
      "radial_force_n": 5.638427774423007,
      "root_width_mm": 2.8915415584237514,
      "safety_factor": 63.87121885031625,
      "section_height_mm": 5.0453959424995745,
      "stage_id": "compound",
      "tangential_force_n": 15.491452991452993,
      "tooth_count": 48,
      "transmitted_torque_nm": 0.7435897435897436
    },
    {
      "cumulative_mesh_efficiency": 1.0,
      "fillet_radius_mm": 0.6,
      "max_von_mises_mpa": 12.391914098975649,
      "member": 0,
      "mesh_element_count": 240,
      "model_version": "involute-tooth-root-plane-stress-v3",
      "pressure_angle_deg": 20.0,
      "radial_force_n": 5.638427774423006,
      "root_width_mm": 2.9029992113492,
      "safety_factor": 64.55822672835751,
      "section_height_mm": 5.044197854323876,
      "stage_id": "output",
      "tangential_force_n": 15.49145299145299,
      "tooth_count": 47,
      "transmitted_torque_nm": 0.7280982905982906
    }
  ],
  "valid": true
}
